state,county,fips,cf
AL,Autauga,01001,0.3601746028532446
AL,Baldwin,01003,0.2071304383734883
AL,Barbour,01005,0.3602878793643531
AL,Bibb,01007,0.2986040174018668
AL,Blount,01009,0.2693013113231693
AL,Bullock,01011,0.3609941482654081
AL,Butler,01013,0.3382082150567215
AL,Calhoun,01015,0.2884619912054343
AL,Chambers,01017,0.329397743901859
AL,Cherokee,01019,0.2718438047073888
AL,Chilton,01021,0.3191466769745905
AL,Choctaw,01023,0.2981443802979116
AL,Clarke,01025,0.3198588030654717
AL,Clay,01027,0.312735417298767
AL,Cleburne,01029,0.30398631203517
AL,Coffee,01031,0.3279482459031549
AL,Colbert,01033,0.2776938216769661
AL,Conecuh,01035,0.3062682302380121
AL,Coosa,01037,0.3027768807724463
AL,Covington,01039,0.2773258414129306
AL,Crenshaw,01041,0.3458485599999966
AL,Cullman,01043,0.2659264009220607
AL,Dale,01045,0.3289954944623092
AL,Dallas,01047,0.3420420870824686
AL,DeKalb,01049,0.2673976946717068
AL,Elmore,01051,0.3448496109023412
AL,Escambia,01053,0.2805292673851582
AL,Etowah,01055,0.2861291988689803
AL,Fayette,01057,0.2735694298885689
AL,Franklin,01059,0.2902212740027139
AL,Geneva,01061,0.3183277850563835
AL,Greene,01063,0.2898081806925197
AL,Hale,01065,0.2874555054248719
AL,Henry,01067,0.3631074587981575
AL,Houston,01069,0.3291880594076765
AL,Jackson,01071,0.2559350779592719
AL,Jefferson,01073,0.2758175040950918
AL,Lamar,01075,0.280248008959241
AL,Lauderdale,01077,0.2632230018183972
AL,Lawrence,01079,0.261615083722395
AL,Lee,01081,0.3643570667715741
AL,Limestone,01083,0.2600273114291893
AL,Lowndes,01085,0.3508510922456055
AL,Macon,01087,0.3710417733467925
AL,Madison,01089,0.2516574480005136
AL,Marengo,01091,0.3013598446228239
AL,Marion,01093,0.2736562772948876
AL,Marshall,01095,0.2622802931471237
AL,Mobile,01097,0.2222831106856804
AL,Monroe,01099,0.3052746857966593
AL,Montgomery,01101,0.3596755163960978
AL,Morgan,01103,0.2531200628382494
AL,Perry,01105,0.308070423287238
AL,Pickens,01107,0.2892048734640318
AL,Pike,01109,0.3434691841670309
AL,Randolph,01111,0.3226088200626443
AL,Russell,01113,0.3933064523487126
AL,St. Clair,01115,0.2912823051902196
AL,Shelby,01117,0.2983411747827391
AL,Sumter,01119,0.3088212359127031
AL,Talladega,01121,0.2954661685624425
AL,Tallapoosa,01123,0.3358454431885881
AL,Tuscaloosa,01125,0.2701036074041802
AL,Walker,01127,0.272189507949358
AL,Washington,01129,0.2999149747220102
AL,Wilcox,01131,0.3439719834775305
AL,Winston,01133,0.2694243835812663
AZ,Apache,04001,10.899300506399705
AZ,Cochise,04003,100.0
AZ,Coconino,04005,17.598270102445493
AZ,Gila,04007,2.869578615132915
AZ,Graham,04009,16.605379953875236
AZ,Greenlee,04011,5.308463865310612
AZ,La Paz,04012,100.0
AZ,Maricopa,04013,100.0
AZ,Mohave,04015,100.0
AZ,Navajo,04017,9.786249378568138
AZ,Pima,04019,100.0
AZ,Pinal,04021,100.0
AZ,Santa Cruz,04023,42.277349639494105
AZ,Yavapai,04025,7.239815358412049
AZ,Yuma,04027,100.0
AR,Arkansas,05001,100.0
AR,Ashley,05003,0.5626048457388503
AR,Baxter,05005,0.4271709202991391
AR,Benton,05007,0.474696431141729
AR,Boone,05009,0.444268930352647
AR,Bradley,05011,0.3817613488847169
AR,Calhoun,05013,0.4137823943407875
AR,Carroll,05015,0.4217397635716497
AR,Chicot,05017,5.136257673409935
AR,Clark,05019,0.3014767734592443
AR,Clay,05021,100.0
AR,Cleburne,05023,0.3186368990591955
AR,Cleveland,05025,0.3790539132918115
AR,Columbia,05027,0.4335389061861261
AR,Conway,05029,0.5786377286438612
AR,Craighead,05031,0.6297021477589505
AR,Crawford,05033,0.3899774122717476
AR,Crittenden,05035,0.5072308898700337
AR,Cross,05037,1.0740831431910294
AR,Dallas,05039,0.3253026829990309
AR,Desha,05041,6.742629933907533
AR,Drew,05043,0.4505977941458949
AR,Faulkner,05045,0.3991950335447622
AR,Franklin,05047,0.3861128737665279
AR,Fulton,05049,0.4043273354613344
AR,Garland,05051,0.2961408887035487
AR,Grant,05053,0.3638974984327202
AR,Greene,05055,0.6538501580186084
AR,Hempstead,05057,0.383925725950512
AR,Hot Spring,05059,0.3041324333909866
AR,Howard,05061,0.2883866975745223
AR,Independence,05063,0.443470102644299
AR,Izard,05065,0.4449306228715964
AR,Jackson,05067,1.2438169795904277
AR,Jefferson,05069,0.6822712910415696
AR,Johnson,05071,0.3669727617032132
AR,Lafayette,05073,0.5239096612208191
AR,Lawrence,05075,0.5152033758332359
AR,Lee,05077,0.5440063874301145
AR,Lincoln,05079,1.2909100056892049
AR,Little River,05081,0.4245736498116907
AR,Logan,05083,0.4410508519446949
AR,Lonoke,05085,2.5360081889789323
AR,Madison,05087,0.4162726098991662
AR,Marion,05089,0.4657004276423159
AR,Miller,05091,0.5628874185654168
AR,Mississippi,05093,0.3453464564080094
AR,Monroe,05095,0.564313795328125
AR,Montgomery,05097,0.283357466538077
AR,Nevada,05099,0.340796029737848
AR,Newton,05101,0.3700830717239078
AR,Ouachita,05103,0.3498148149490107
AR,Perry,05105,0.3973277942993607
AR,Phillips,05107,0.4638710211223003
AR,Pike,05109,0.3041949394241512
AR,Poinsett,05111,4.92380149277871
AR,Polk,05113,0.2802648141792113
AR,Pope,05115,0.457250052616743
AR,Prairie,05117,0.947442549678236
AR,Pulaski,05119,0.3770232465594865
AR,Randolph,05121,0.4374053733475742
AR,St. Francis,05123,0.5645384890479627
AR,Saline,05125,0.3714466728416461
AR,Scott,05127,0.4036721271864755
AR,Searcy,05129,0.3569571727505223
AR,Sebastian,05131,0.403490184819965
AR,Sevier,05133,0.2859387121038989
AR,Sharp,05135,0.4058033545069691
AR,Stone,05137,0.3794654783109041
AR,Union,05139,0.3861917306947852
AR,Van Buren,05141,0.3345971638681434
AR,Washington,05143,0.4339443746851225
AR,White,05145,0.3666978367143351
AR,Woodruff,05147,1.7964585310011951
AR,Yell,05149,0.4469735023033475
CA,Alameda,06001,2.8155201085324975
CA,Alpine,06003,0.6892452151611246
CA,Amador,06005,0.4098950440639112
CA,Butte,06007,100.0
CA,Calaveras,06009,0.4819771055446485
CA,Colusa,06011,100.0
CA,Contra Costa,06013,1.563211633349646
CA,Del Norte,06015,0.1
CA,El Dorado,06017,0.3797712379068006
CA,Fresno,06019,2.374151306931785
CA,Glenn,06021,6.091443975255316
CA,Humboldt,06023,0.1669377822353926
CA,Imperial,06025,100.0
CA,Inyo,06027,2.2240230320221803
CA,Kern,06029,100.0
CA,Kings,06031,100.0
CA,Lake,06033,0.5074846485257255
CA,Lassen,06035,0.9418995798712244
CA,Los Angeles,06037,1.3077796154896373
CA,Madera,06039,100.0
CA,Marin,06041,0.4295773264986997
CA,Mariposa,06043,0.5516804492143869
CA,Mendocino,06045,0.2345796830294091
CA,Merced,06047,100.0
CA,Modoc,06049,1.328046063186288
CA,Mono,06051,0.9766421804537576
CA,Monterey,06053,1.21733111660794
CA,Napa,06055,0.5887205447819409
CA,Nevada,06057,0.306659816266231
CA,Orange,06059,100.0
CA,Placer,06061,0.3155252797129104
CA,Plumas,06063,0.7874816226205943
CA,Riverside,06065,100.0
CA,Sacramento,06067,6.970407055626706
CA,San Benito,06069,3.4661899328433874
CA,San Bernardino,06071,2.1029998162819723
CA,San Diego,06073,7.854921611512315
CA,San Joaquin,06077,100.0
CA,San Luis Obispo,06079,1.2629568833214198
CA,San Mateo,06081,0.9444065605064932
CA,Santa Barbara,06083,2.729557309569404
CA,Santa Clara,06085,2.222801098755553
CA,Santa Cruz,06087,1.1469435247734276
CA,Shasta,06089,0.5728638714234604
CA,Sierra,06091,0.3953836743424131
CA,Siskiyou,06093,0.4752610687832706
CA,Solano,06095,100.0
CA,Sonoma,06097,0.3152485390587456
CA,Stanislaus,06099,100.0
CA,Sutter,06101,100.0
CA,Tehama,06103,0.6340912999102563
CA,Trinity,06105,0.2799623731629406
CA,Tulare,06107,1.3690549504068024
CA,Tuolumne,06109,0.6951012998596972
CA,Ventura,06111,2.9805832031078543
CA,Yolo,06113,2.5569040123397606
CA,Yuba,06115,0.380958992610093
CO,Adams,08001,15.15894178394154
CO,Alamosa,08003,100.0
CO,Arapahoe,08005,100.0
CO,Archuleta,08007,1.002011991382885
CO,Baca,08009,100.0
CO,Bent,08011,100.0
CO,Boulder,08013,2.5912097255305437
CO,Broomfield,08014,11.883857420761633
CO,Chaffee,08015,2.1829057308079403
CO,Cheyenne,08017,100.0
CO,Clear Creek,08019,1.1552119098976787
CO,Conejos,08021,6.4990702206410225
CO,Costilla,08023,5.582722243660263
CO,Crowley,08025,11.616253942124905
CO,Custer,08027,2.7682351152625726
CO,Delta,08029,1.069523531345845
CO,Denver,08031,100.0
CO,Dolores,08033,3.755007443874519
CO,Douglas,08035,4.006755601876678
CO,Eagle,08037,0.8247904071840089
CO,Elbert,08039,16.006032667606718
CO,El Paso,08041,6.944368460006683
CO,Fremont,08043,2.577003564862077
CO,Garfield,08045,1.113318437910804
CO,Gilpin,08047,1.247323512155942
CO,Grand,08049,1.0502022117527432
CO,Gunnison,08051,0.9410236101017028
CO,Hinsdale,08053,0.9480141818379088
CO,Huerfano,08055,23.561156574556076
CO,Jackson,08057,1.655901217998473
CO,Jefferson,08059,2.275421003970125
CO,Kiowa,08061,83.79300386658109
CO,Kit Carson,08063,100.0
CO,Lake,08065,2.11250785466825
CO,La Plata,08067,1.1850427904741525
CO,Larimer,08069,3.652727368734722
CO,Las Animas,08071,31.78085279667456
CO,Lincoln,08073,58.17970486084496
CO,Logan,08075,100.0
CO,Mesa,08077,1.484536213809042
CO,Mineral,08079,0.7774015285744393
CO,Moffat,08081,1.5231322910967984
CO,Montezuma,08083,4.956416535985486
CO,Montrose,08085,1.9218353403866613
CO,Morgan,08087,100.0
CO,Otero,08089,100.0
CO,Ouray,08091,1.6746022817254451
CO,Park,08093,3.544032048741028
CO,Phillips,08095,100.0
CO,Pitkin,08097,0.593795711360721
CO,Prowers,08099,100.0
CO,Pueblo,08101,7.567170940107087
CO,Rio Blanco,08103,1.3541166313843025
CO,Rio Grande,08105,2.3053908323822268
CO,Routt,08107,0.8520462861683014
CO,Saguache,08109,4.705825804600149
CO,San Juan,08111,0.7994098876117545
CO,San Miguel,08113,2.443351527486316
CO,Sedgwick,08115,100.0
CO,Summit,08117,0.6675772274858932
CO,Teller,08119,3.707619579788953
CO,Washington,08121,100.0
CO,Weld,08123,96.519864755258
CO,Yuma,08125,100.0
CT,Fairfield,09001,0.2626725585667855
CT,Hartford,09003,0.2335981081245208
CT,Litchfield,09005,0.2351152579775882
CT,Middlesex,09007,0.2286997874041594
CT,New Haven,09009,0.221632482864002
CT,New London,09011,0.2317738169332789
CT,Tolland,09013,0.2349727898817883
CT,Windham,09015,0.2345403546304012
DE,Kent,10001,0.3741002559343886
DE,New Castle,10003,0.3325534028290887
DE,Sussex,10005,0.4400589771036561
DC,District of Columbia,11001,0.4251990589873081
FL,Alachua,12001,0.7278278787548231
FL,Baker,12003,0.5994955825107618
FL,Bay,12005,0.3771079616806374
FL,Bradford,12007,0.4858901473523369
FL,Brevard,12009,0.4847102957057542
FL,Broward,12011,0.6459687155131048
FL,Calhoun,12013,0.3108034787656176
FL,Charlotte,12015,0.6167596656951441
FL,Citrus,12017,0.8021356541668128
FL,Clay,12019,0.5155885959078897
FL,Collier,12021,0.6077389126381375
FL,Columbia,12023,0.5800390797916424
FL,DeSoto,12027,0.7953023141396331
FL,Dixie,12029,0.4398582460406632
FL,Duval,12031,0.5433501610753838
FL,Escambia,12033,0.2093205041956408
FL,Flagler,12035,0.5196568863096719
FL,Franklin,12037,0.3166925123346869
FL,Gadsden,12039,0.4258022922694048
FL,Gilchrist,12041,0.4850141748927603
FL,Glades,12043,0.6283510800277582
FL,Gulf,12045,0.3641931843827349
FL,Hamilton,12047,0.6844699733227728
FL,Hardee,12049,0.7694615393169205
FL,Hendry,12051,0.7229358206357306
FL,Hernando,12053,0.7673253027617875
FL,Highlands,12055,0.746873914238898
FL,Hillsborough,12057,0.5266690914915751
FL,Holmes,12059,0.286212807942332
FL,Indian River,12061,0.5004852374762763
FL,Jackson,12063,0.3083485682211613
FL,Jefferson,12065,0.4777907776912177
FL,Lafayette,12067,0.4624089403491156
FL,Lake,12069,0.8213043334032161
FL,Lee,12071,0.6043129151655742
FL,Leon,12073,0.3539250266263401
FL,Levy,12075,0.4811971515376606
FL,Liberty,12077,0.3536509645297321
FL,Madison,12079,0.601065140709
FL,Manatee,12081,0.4346703928752374
FL,Marion,12083,0.9994170172653656
FL,Martin,12085,0.7250876490257155
FL,Miami-Dade,12086,0.6262366017648898
FL,Monroe,12087,0.5833968601679677
FL,Nassau,12089,0.5697459174845009
FL,Okaloosa,12091,0.2011321422037442
FL,Okeechobee,12093,0.6642850050308013
FL,Orange,12095,0.6342578539018897
FL,Osceola,12097,0.6059943007305449
FL,Palm Beach,12099,0.7190727341568406
FL,Pasco,12101,0.7934249242041627
FL,Pinellas,12103,0.455718728005152
FL,Polk,12105,0.8507954054530968
FL,Putnam,12107,0.588860328905264
FL,St. Johns,12109,0.5259957815529208
FL,St. Lucie,12111,0.5524455921011946
FL,Santa Rosa,12113,0.2276161324351479
FL,Sarasota,12115,0.4453864663141864
FL,Seminole,12117,0.473812681881601
FL,Sumter,12119,1.423967979521294
FL,Suwannee,12121,0.5329140785503816
FL,Taylor,12123,0.4347267252474233
FL,Union,12125,0.488025214796604
FL,Volusia,12127,0.4880681125244694
FL,Wakulla,12129,0.3508090871922372
FL,Walton,12131,0.2119515039673813
FL,Washington,12133,0.2984426828633303
GA,Appling,13001,0.642168675401597
GA,Atkinson,13003,0.6104263702717889
GA,Bacon,13005,0.6261980457813182
GA,Baker,13007,0.4461964149269226
GA,Baldwin,13009,0.5533916079064264
GA,Banks,13011,0.4133485146220493
GA,Barrow,13013,0.5039960868265311
GA,Bartow,13015,0.3090366081090454
GA,Ben Hill,13017,0.5185650005889335
GA,Berrien,13019,0.5652684661904978
GA,Bibb,13021,0.4129208279260701
GA,Bleckley,13023,0.5061881330301471
GA,Brantley,13025,0.6170706322113498
GA,Brooks,13027,0.5823491514131904
GA,Bryan,13029,0.6121797973587753
GA,Bulloch,13031,0.6252697421242037
GA,Burke,13033,0.5596645421879733
GA,Butts,13035,0.4080857223530713
GA,Calhoun,13037,0.4427478286155515
GA,Camden,13039,0.6198603294148599
GA,Candler,13043,0.5913375460747161
GA,Carroll,13045,0.3243625719332985
GA,Catoosa,13047,0.2749977461359386
GA,Charlton,13049,0.6240043166522398
GA,Chatham,13051,0.6198512505518777
GA,Chattahoochee,13053,0.3888145036446567
GA,Chattooga,13055,0.2732071304109729
GA,Cherokee,13057,0.304640121581609
GA,Clarke,13059,0.5115627308165004
GA,Clay,13061,0.4516927670305391
GA,Clayton,13063,0.4086445324305191
GA,Clinch,13065,0.7034967897701364
GA,Cobb,13067,0.3029677089394978
GA,Coffee,13069,0.613180952753817
GA,Colquitt,13071,0.5444697541618223
GA,Columbia,13073,0.3971799666838646
GA,Cook,13075,0.569056848178929
GA,Coweta,13077,0.3654962900695799
GA,Crawford,13079,0.4082802219171189
GA,Crisp,13081,0.5145190319526424
GA,Dade,13083,0.2723762391476236
GA,Dawson,13085,0.3010013545946636
GA,Decatur,13087,0.4321537758756696
GA,DeKalb,13089,0.3532868659373931
GA,Dodge,13091,0.4986992099013526
GA,Dooly,13093,0.4747928240916891
GA,Dougherty,13095,0.4468049814458984
GA,Douglas,13097,0.3265111770647841
GA,Early,13099,0.4112558164156915
GA,Echols,13101,0.6434281738270434
GA,Effingham,13103,0.5858775592896537
GA,Elbert,13105,0.4310158539360709
GA,Emanuel,13107,0.5674264770241592
GA,Evans,13109,0.602988788696145
GA,Fannin,13111,0.2306604898506424
GA,Fayette,13113,0.4066790081081143
GA,Floyd,13115,0.2887430497979254
GA,Forsyth,13117,0.304484031854845
GA,Franklin,13119,0.3802051303157339
GA,Fulton,13121,0.3169259049721888
GA,Gilmer,13123,0.2710124527011755
GA,Glascock,13125,0.6030952680773808
GA,Glynn,13127,0.6264886584767225
GA,Gordon,13129,0.2794469492956586
GA,Grady,13131,0.4522183953375375
GA,Greene,13133,0.5085405142719263
GA,Gwinnett,13135,0.3714827099279559
GA,Habersham,13137,0.2577646787443383
GA,Hall,13139,0.3250776248081973
GA,Hancock,13141,0.5264740103903884
GA,Haralson,13143,0.3184008820042767
GA,Harris,13145,0.3260939451988034
GA,Hart,13147,0.349209730517481
GA,Heard,13149,0.3277540141731566
GA,Henry,13151,0.4122774326037102
GA,Houston,13153,0.4959704792858033
GA,Irwin,13155,0.6204415262557068
GA,Jackson,13157,0.4966033074097296
GA,Jasper,13159,0.4646116019266003
GA,Jeff Davis,13161,0.5706425172709682
GA,Jefferson,13163,0.6209086869045449
GA,Jenkins,13165,0.6296131356633881
GA,Johnson,13167,0.5358955074834119
GA,Jones,13169,0.4526149919532721
GA,Lamar,13171,0.4039007192654466
GA,Lanier,13173,0.5868747747299027
GA,Laurens,13175,0.5189783664528677
GA,Lee,13177,0.4871195443175309
GA,Liberty,13179,0.6097057459254265
GA,Lincoln,13181,0.4718528573520175
GA,Long,13183,0.578467438624045
GA,Lowndes,13185,0.5634764734549196
GA,Lumpkin,13187,0.2693493655220454
GA,McDuffie,13189,0.5261282475612066
GA,McIntosh,13191,0.5966363264433933
GA,Macon,13193,0.4491585325155163
GA,Madison,13195,0.4177396643380268
GA,Marion,13197,0.4396566237881474
GA,Meriwether,13199,0.3756207464979546
GA,Miller,13201,0.4637442568170102
GA,Mitchell,13205,0.4992627921996417
GA,Monroe,13207,0.4192731478584846
GA,Montgomery,13209,0.5398225959697907
GA,Morgan,13211,0.5001499733128727
GA,Murray,13213,0.2659709413880175
GA,Muscogee,13215,0.385966784321494
GA,Newton,13217,0.4142651280858308
GA,Oconee,13219,0.5074082934891586
GA,Oglethorpe,13221,0.4361734161994595
GA,Paulding,13223,0.3104831381053209
GA,Peach,13225,0.4862732459937159
GA,Pickens,13227,0.2940815554166333
GA,Pierce,13229,0.6184770579854526
GA,Pike,13231,0.4041604885225177
GA,Polk,13233,0.2818326248083565
GA,Pulaski,13235,0.5040265813368304
GA,Putnam,13237,0.5005767684014173
GA,Quitman,13239,0.3869957670851268
GA,Rabun,13241,0.2098168180023509
GA,Randolph,13243,0.4191638076728275
GA,Richmond,13245,0.388795221525126
GA,Rockdale,13247,0.4093013964831896
GA,Schley,13249,0.4559405864371897
GA,Screven,13251,0.5641777599667338
GA,Seminole,13253,0.4749652138282464
GA,Spalding,13255,0.4039803868866315
GA,Stephens,13257,0.2669410751446405
GA,Stewart,13259,0.3930811305925104
GA,Sumter,13261,0.4715557683485067
GA,Talbot,13263,0.393474569018976
GA,Taliaferro,13265,0.5442464030380008
GA,Tattnall,13267,0.5712947825181318
GA,Taylor,13269,0.4015784899048581
GA,Telfair,13271,0.4900247510898043
GA,Terrell,13273,0.4488530938999656
GA,Thomas,13275,0.4943163667777695
GA,Tift,13277,0.584476612727098
GA,Toombs,13279,0.5644891883837866
GA,Towns,13281,0.2320755939189806
GA,Treutlen,13283,0.5360764924257526
GA,Troup,13285,0.3318252007975014
GA,Turner,13287,0.5792060776753579
GA,Twiggs,13289,0.4852132729994725
GA,Union,13291,0.2277932244878151
GA,Upson,13293,0.4022757115984851
GA,Walker,13295,0.2728896179594101
GA,Walton,13297,0.450432290278041
GA,Ware,13299,0.6683345338161295
GA,Warren,13301,0.5765886424116745
GA,Washington,13303,0.5597191734031481
GA,Wayne,13305,0.5914396102885443
GA,Webster,13307,0.466843742754554
GA,Wheeler,13309,0.5180116130391382
GA,White,13311,0.2550414602133277
GA,Whitfield,13313,0.2696189364332761
GA,Wilcox,13315,0.5281376158205858
GA,Wilkes,13317,0.4678368809534926
GA,Wilkinson,13319,0.5193876274790601
GA,Worth,13321,0.528109652921596
ID,Ada,16001,1.9739268422770369
ID,Adams,16003,0.5806410769072403
ID,Bannock,16005,3.568951595072318
ID,Bear Lake,16007,3.835410145165161
ID,Benewah,16009,0.3334107185964419
ID,Bingham,16011,100.0
ID,Blaine,16013,1.7466093973315444
ID,Boise,16015,0.3801152999350941
ID,Bonner,16017,0.3560946111682673
ID,Bonneville,16019,1.0719598959590355
ID,Boundary,16021,0.2531838421277081
ID,Butte,16023,2.2434693647148785
ID,Camas,16025,1.1079724005252998
ID,Canyon,16027,100.0
ID,Caribou,16029,2.5089609140404705
ID,Cassia,16031,100.0
ID,Clark,16033,2.029659054215289
ID,Clearwater,16035,0.2322850858349806
ID,Custer,16037,0.8231220080129308
ID,Elmore,16039,0.7611484045248159
ID,Franklin,16041,15.381384899961647
ID,Fremont,16043,0.3880383187481422
ID,Gem,16045,0.6314393855625693
ID,Gooding,16047,100.0
ID,Idaho,16049,0.3584632532753155
ID,Jefferson,16051,100.0
ID,Jerome,16053,100.0
ID,Kootenai,16055,0.3221470462223884
ID,Latah,16057,0.5706426896995802
ID,Lemhi,16059,0.887640008581001
ID,Lewis,16061,0.39881776772315
ID,Lincoln,16063,3.2548622103092497
ID,Madison,16065,1.027063848154424
ID,Minidoka,16067,100.0
ID,Nez Perce,16069,0.4948666486400271
ID,Oneida,16071,100.0
ID,Owyhee,16073,3.209903565918685
ID,Payette,16075,1.6065054302027666
ID,Power,16077,100.0
ID,Shoshone,16079,0.2456509971599383
ID,Teton,16081,1.0340750616003185
ID,Twin Falls,16083,100.0
ID,Valley,16085,0.3814203564882993
ID,Washington,16087,0.796127554694341
IL,Adams,17001,0.5552989696786793
IL,Alexander,17003,0.5311222367995766
IL,Bond,17005,0.5498482126013589
IL,Boone,17007,0.5465143616109546
IL,Brown,17009,0.5706198973783245
IL,Bureau,17011,0.494023837525518
IL,Calhoun,17013,0.550654125288384
IL,Carroll,17015,0.561906259624965
IL,Cass,17017,0.5784514150216984
IL,Champaign,17019,0.4979835218632327
IL,Christian,17021,0.6014445653108007
IL,Clark,17023,0.4465312283029555
IL,Clay,17025,0.448770990967998
IL,Clinton,17027,0.537734578537729
IL,Coles,17029,0.4805213093984832
IL,Cook,17031,0.3156711100871489
IL,Crawford,17033,0.458478687487203
IL,Cumberland,17035,0.4683232034866788
IL,DeKalb,17037,0.5398710923151261
IL,De Witt,17039,0.5452183568856745
IL,Douglas,17041,0.4847514194463554
IL,DuPage,17043,0.3954984229666121
IL,Edgar,17045,0.4337240145899508
IL,Edwards,17047,0.419844887650903
IL,Effingham,17049,0.4597214992057509
IL,Fayette,17051,0.5111845770352385
IL,Ford,17053,0.5106786614248966
IL,Franklin,17055,0.4595060855181943
IL,Fulton,17057,0.6936786004468198
IL,Gallatin,17059,0.3684514318401047
IL,Greene,17061,0.5740089301516312
IL,Grundy,17063,0.4586460790448998
IL,Hamilton,17065,0.403427792570291
IL,Hancock,17067,0.5712063414241192
IL,Hardin,17069,0.3305883932697013
IL,Henderson,17071,0.561456618132963
IL,Henry,17073,0.5827522865119382
IL,Iroquois,17075,0.4674610832636459
IL,Jackson,17077,0.4970383878293142
IL,Jasper,17079,0.4678933105502987
IL,Jefferson,17081,0.4566097856068594
IL,Jersey,17083,0.5969442745281143
IL,Jo Daviess,17085,0.5618566082262224
IL,Johnson,17087,0.3582527986497298
IL,Kane,17089,0.5460840240725757
IL,Kankakee,17091,0.4361466038616387
IL,Kendall,17093,0.4878788438967524
IL,Knox,17095,0.5615512038720132
IL,Lake,17097,0.421103338514794
IL,LaSalle,17099,0.5269901213034887
IL,Lawrence,17101,0.4507211449580685
IL,Lee,17103,0.5686975625977737
IL,Livingston,17105,0.5298074656148867
IL,Logan,17107,0.5337297672676503
IL,McDonough,17109,0.5940538768538931
IL,McHenry,17111,0.5537206634217338
IL,McLean,17113,0.5506640033998892
IL,Macon,17115,0.5689085221324081
IL,Macoupin,17117,0.6337501388976068
IL,Madison,17119,0.5687449089932989
IL,Marion,17121,0.4864786137219441
IL,Marshall,17123,0.4497357495833365
IL,Mason,17125,0.5730318729292379
IL,Massac,17127,0.3769033511756475
IL,Menard,17129,0.5788492652774279
IL,Mercer,17131,0.5644370337408108
IL,Monroe,17133,0.5593250567237961
IL,Montgomery,17135,0.5688685689593176
IL,Morgan,17137,0.5404527697200987
IL,Moultrie,17139,0.5101449784180082
IL,Ogle,17141,0.5722671868722021
IL,Peoria,17143,0.493218839765675
IL,Perry,17145,0.4659661685814235
IL,Piatt,17147,0.5462050610154321
IL,Pike,17149,0.5569320322505817
IL,Pope,17151,0.3280628179027454
IL,Pulaski,17153,0.3814291752605138
IL,Putnam,17155,0.4523206706746973
IL,Randolph,17157,0.6611430293773263
IL,Richland,17159,0.4420315632916018
IL,Rock Island,17161,0.5853310601040189
IL,St. Clair,17163,0.5588852659347495
IL,Saline,17165,0.362422541957558
IL,Sangamon,17167,0.6011776635729505
IL,Schuyler,17169,0.5268017858665514
IL,Scott,17171,0.5460863276557181
IL,Shelby,17173,0.5134843477963587
IL,Stark,17175,0.5626922201947696
IL,Stephenson,17177,0.5624924314599747
IL,Tazewell,17179,0.5351011378718222
IL,Union,17181,0.5097083968819485
IL,Vermilion,17183,0.4617821200574489
IL,Wabash,17185,0.3972278301358418
IL,Warren,17187,0.5612875185598566
IL,Washington,17189,0.506014967832101
IL,Wayne,17191,0.4446746050926763
IL,White,17193,0.4290360913012461
IL,Whiteside,17195,0.5710667629549124
IL,Will,17197,0.4032493427535588
IL,Williamson,17199,0.4288966734065977
IL,Winnebago,17201,0.562040264047931
IL,Woodford,17203,0.5187829292510603
IN,Adams,18001,0.4602926781732613
IN,Allen,18003,0.4749242819415755
IN,Bartholomew,18005,0.3688126406800797
IN,Benton,18007,0.4488815711509654
IN,Blackford,18009,0.434056405525934
IN,Boone,18011,0.4222241428014419
IN,Brown,18013,0.3578330833443238
IN,Carroll,18015,0.4483209467919676
IN,Cass,18017,0.4445170085828606
IN,Clark,18019,0.3589575626966767
IN,Clay,18021,0.3798597608517352
IN,Clinton,18023,0.4380713418455367
IN,Crawford,18025,0.3261446217921424
IN,Daviess,18027,0.3716812124843235
IN,Dearborn,18029,0.3585105936356872
IN,Decatur,18031,0.3609948445921437
IN,DeKalb,18033,0.4554461797892682
IN,Delaware,18035,0.4137331859855256
IN,Dubois,18037,0.3287675968261226
IN,Elkhart,18039,0.4396480150931693
IN,Fayette,18041,0.364134496389666
IN,Floyd,18043,0.3408388652190992
IN,Fountain,18045,0.4231804729605583
IN,Franklin,18047,0.3642333232787832
IN,Fulton,18049,0.4330148053034565
IN,Gibson,18051,0.3702395945888084
IN,Grant,18053,0.4460416678598278
IN,Greene,18055,0.3758429210064377
IN,Hamilton,18057,0.4013745195728319
IN,Hancock,18059,0.3771626094605552
IN,Harrison,18061,0.3275368138865257
IN,Hendricks,18063,0.3877211085329052
IN,Henry,18065,0.3804911059114608
IN,Howard,18067,0.4396130774417591
IN,Huntington,18069,0.4585533188503072
IN,Jackson,18071,0.3553937091080462
IN,Jasper,18073,0.4563197939092328
IN,Jay,18075,0.4449770858373147
IN,Jefferson,18077,0.3721287767495668
IN,Jennings,18079,0.3524951197594179
IN,Johnson,18081,0.3866372878427559
IN,Knox,18083,0.391512751793039
IN,Kosciusko,18085,0.4349202542488245
IN,LaGrange,18087,0.4417727450085331
IN,Lake,18089,0.38902104482144
IN,LaPorte,18091,0.4224487822203805
IN,Lawrence,18093,0.3518108759107117
IN,Madison,18095,0.4034373720990712
IN,Marion,18097,0.4215880758636234
IN,Marshall,18099,0.427143129878905
IN,Martin,18101,0.3527694899090235
IN,Miami,18103,0.4516538229105487
IN,Monroe,18105,0.365062774690629
IN,Montgomery,18107,0.4300219238456701
IN,Morgan,18109,0.3990000148193269
IN,Newton,18111,0.452980377168781
IN,Noble,18113,0.4471993173497104
IN,Ohio,18115,0.3503823137975524
IN,Orange,18117,0.3442685586367965
IN,Owen,18119,0.3743806401954778
IN,Parke,18121,0.4227433918974227
IN,Perry,18123,0.3202342541112059
IN,Pike,18125,0.3481609498185648
IN,Porter,18127,0.417150019574437
IN,Posey,18129,0.3875504993180401
IN,Pulaski,18131,0.4298127265443858
IN,Putnam,18133,0.3832718449773865
IN,Randolph,18135,0.4122240540258752
IN,Ripley,18137,0.3542730555625643
IN,Rush,18139,0.3777093686197122
IN,St. Joseph,18141,0.4365973550797216
IN,Scott,18143,0.3514201125430304
IN,Shelby,18145,0.3763946726999947
IN,Spencer,18147,0.3257001151189843
IN,Starke,18149,0.4300043660530266
IN,Steuben,18151,0.4474410059923244
IN,Sullivan,18153,0.4220145107785428
IN,Switzerland,18155,0.3598488730272536
IN,Tippecanoe,18157,0.425507907663549
IN,Tipton,18159,0.4157869970593374
IN,Union,18161,0.3746825635578857
IN,Vanderburgh,18163,0.3612957766203876
IN,Vermillion,18165,0.439165083504552
IN,Vigo,18167,0.4238657560447024
IN,Wabash,18169,0.4480899543825953
IN,Warren,18171,0.4302585085426161
IN,Warrick,18173,0.3418789044736587
IN,Washington,18175,0.3346172537285402
IN,Wayne,18177,0.364426600485303
IN,Wells,18179,0.4665311494250732
IN,White,18181,0.4301981132111688
IN,Whitley,18183,0.4312501857060954
IA,Adair,19001,0.6979484430937924
IA,Adams,19003,0.726380657351179
IA,Allamakee,19005,0.6466381482257146
IA,Appanoose,19007,0.5609409163551884
IA,Audubon,19009,0.7162723772381934
IA,Benton,19011,0.5567085732720979
IA,Black Hawk,19013,0.558446404548517
IA,Boone,19015,0.7072815968526647
IA,Bremer,19017,0.5524757091823947
IA,Buchanan,19019,0.5398694385885571
IA,Buena Vista,19021,0.7947278369600284
IA,Butler,19023,0.5760340397886283
IA,Calhoun,19025,0.7384611590224351
IA,Carroll,19027,0.7529404489141792
IA,Cass,19029,0.7119639711532646
IA,Cedar,19031,0.5366671555719313
IA,Cerro Gordo,19033,0.593637950842203
IA,Cherokee,19035,0.9471372837570672
IA,Chickasaw,19037,0.5485125738088861
IA,Clarke,19039,0.6782747149188821
IA,Clay,19041,0.8957956446835537
IA,Clayton,19043,0.5963738450031799
IA,Clinton,19045,0.5637684604533227
IA,Crawford,19047,0.9128120962256124
IA,Dallas,19049,0.7474255869391514
IA,Davis,19051,0.591004912318754
IA,Decatur,19053,0.6725992498084955
IA,Delaware,19055,0.5707445614536462
IA,Des Moines,19057,0.5681348860849456
IA,Dickinson,19059,0.9108976721131722
IA,Dubuque,19061,0.5886721487750697
IA,Emmet,19063,0.807830234831464
IA,Fayette,19065,0.5677002862152497
IA,Floyd,19067,0.6020107519102114
IA,Franklin,19069,0.5715389282080077
IA,Fremont,19071,0.8627149662339072
IA,Greene,19073,0.7406968770327692
IA,Grundy,19075,0.5561679846912128
IA,Guthrie,19077,0.7425950753694415
IA,Hamilton,19079,0.6233846185177849
IA,Hancock,19081,0.6298725710346089
IA,Hardin,19083,0.6108078915960936
IA,Harrison,19085,1.1255777935784694
IA,Henry,19087,0.6015491027308238
IA,Howard,19089,0.578361211314482
IA,Humboldt,19091,0.7487479903866732
IA,Ida,19093,0.9009208282223774
IA,Iowa,19095,0.5803401628838495
IA,Jackson,19097,0.5615288658806854
IA,Jasper,19099,0.6010809307096483
IA,Jefferson,19101,0.6049448780757909
IA,Johnson,19103,0.5803886217963968
IA,Jones,19105,0.5502331299731343
IA,Keokuk,19107,0.5880721057444862
IA,Kossuth,19109,0.7588954833262753
IA,Lee,19111,0.624221177678954
IA,Linn,19113,0.5643930173308147
IA,Louisa,19115,0.5862993603804544
IA,Lucas,19117,0.6210403449126528
IA,Lyon,19119,1.1729571257016265
IA,Madison,19121,0.6809170863601174
IA,Mahaska,19123,0.6067822902158122
IA,Marion,19125,0.6533577266384695
IA,Marshall,19127,0.5882854600358094
IA,Mills,19129,0.8696593016252665
IA,Mitchell,19131,0.5709756529883228
IA,Monona,19133,1.0737728472230927
IA,Monroe,19135,0.6336078980990314
IA,Montgomery,19137,0.7655350748159456
IA,Muscatine,19139,0.568266964991967
IA,O'Brien,19141,0.9655046733772704
IA,Osceola,19143,0.968943859137366
IA,Page,19145,0.8117034108612217
IA,Palo Alto,19147,0.8414686845777908
IA,Plymouth,19149,1.3376536259265872
IA,Pocahontas,19151,0.7659094300781629
IA,Polk,19153,0.715801714921647
IA,Pottawattamie,19155,1.108817948665667
IA,Poweshiek,19157,0.581953547627482
IA,Ringgold,19159,0.6850570858180841
IA,Sac,19161,0.8139322941409188
IA,Scott,19163,0.5537723275248632
IA,Shelby,19165,0.8939699444695529
IA,Sioux,19167,1.3052005952078314
IA,Story,19169,0.6029621519215502
IA,Tama,19171,0.5727271142283015
IA,Taylor,19173,0.7089656494712272
IA,Union,19175,0.6825017538776166
IA,Van Buren,19177,0.6165742690231582
IA,Wapello,19179,0.6332442405040685
IA,Warren,19181,0.6802177292425299
IA,Washington,19183,0.5906080484626907
IA,Wayne,19185,0.5957307680092805
IA,Webster,19187,0.7525264158350882
IA,Winnebago,19189,0.6987728831482765
IA,Winneshiek,19191,0.6082017390398411
IA,Woodbury,19193,1.1301923124703117
IA,Worth,19195,0.6088732160287039
IA,Wright,19197,0.6389537972971386
KS,Allen,20001,0.729232481063162
KS,Anderson,20003,0.7109142682936154
KS,Atchison,20005,1.0431498891443594
KS,Barber,20007,2.6087935628703427
KS,Barton,20009,100.0
KS,Bourbon,20011,0.5351463022431209
KS,Brown,20013,0.99699080012527
KS,Butler,20015,0.8922143579269658
KS,Chase,20017,0.9457340260776816
KS,Chautauqua,20019,0.6445482054299105
KS,Cherokee,20021,0.5389858879383995
KS,Cheyenne,20023,100.0
KS,Clark,20025,54.36994253396836
KS,Clay,20027,5.172584412241293
KS,Cloud,20029,6.651637644044979
KS,Coffey,20031,0.8614301765109642
KS,Comanche,20033,6.44802218900792
KS,Cowley,20035,1.2199142797665945
KS,Crawford,20037,0.5517670191243134
KS,Decatur,20039,100.0
KS,Dickinson,20041,2.39389155715384
KS,Doniphan,20043,1.3683429011690411
KS,Douglas,20045,0.8223294120738053
KS,Edwards,20047,100.0
KS,Elk,20049,0.6625103242199878
KS,Ellis,20051,17.616531187459778
KS,Ellsworth,20053,9.289410447481313
KS,Finney,20055,100.0
KS,Ford,20057,100.0
KS,Franklin,20059,0.7216469482372855
KS,Geary,20061,4.023635676119955
KS,Gove,20063,100.0
KS,Graham,20065,100.0
KS,Grant,20067,100.0
KS,Gray,20069,100.0
KS,Greeley,20071,100.0
KS,Greenwood,20073,0.6514501328183261
KS,Hamilton,20075,100.0
KS,Harper,20077,1.404348229849543
KS,Harvey,20079,1.938399857771732
KS,Haskell,20081,100.0
KS,Hodgeman,20083,100.0
KS,Jackson,20085,0.8823531778581584
KS,Jefferson,20087,0.8347830598383744
KS,Jewell,20089,8.327376367562668
KS,Johnson,20091,0.6519771371841373
KS,Kearny,20093,100.0
KS,Kingman,20095,1.5131658069521714
KS,Kiowa,20097,100.0
KS,Labette,20099,0.6276429123035387
KS,Lane,20101,100.0
KS,Leavenworth,20103,0.9595234742519074
KS,Lincoln,20105,5.984508373635378
KS,Linn,20107,0.6474973952978074
KS,Logan,20109,100.0
KS,Lyon,20111,0.8841784237133958
KS,McPherson,20113,1.917420760848714
KS,Marion,20115,1.1554275556615998
KS,Marshall,20117,1.3232279325046106
KS,Meade,20119,100.0
KS,Miami,20121,0.6690136883921197
KS,Mitchell,20123,5.134353604512216
KS,Montgomery,20125,0.6435021510571787
KS,Morris,20127,1.1418373433542626
KS,Morton,20129,100.0
KS,Nemaha,20131,1.0046594689442443
KS,Neosho,20133,0.6489170133505926
KS,Ness,20135,72.32514284326187
KS,Norton,20137,100.0
KS,Osage,20139,0.740344883510418
KS,Osborne,20141,11.493977141187548
KS,Ottawa,20143,4.39065835432855
KS,Pawnee,20145,100.0
KS,Phillips,20147,97.31756015587342
KS,Pottawatomie,20149,1.071152125273805
KS,Pratt,20151,100.0
KS,Rawlins,20153,100.0
KS,Reno,20155,5.703934020769878
KS,Republic,20157,5.628974959188516
KS,Rice,20159,5.055028193486567
KS,Riley,20161,1.849071704743274
KS,Rooks,20163,14.981092932171372
KS,Rush,20165,100.0
KS,Russell,20167,12.228350512894057
KS,Saline,20169,3.61930651247567
KS,Scott,20171,100.0
KS,Sedgwick,20173,1.7685929850237874
KS,Seward,20175,100.0
KS,Shawnee,20177,0.9202700189473868
KS,Sheridan,20179,100.0
KS,Sherman,20181,100.0
KS,Smith,20183,11.05856789641263
KS,Stafford,20185,100.0
KS,Stanton,20187,100.0
KS,Stevens,20189,100.0
KS,Sumner,20191,1.303544590965489
KS,Thomas,20193,100.0
KS,Trego,20195,50.36838827837066
KS,Wabaunsee,20197,0.8976175480334012
KS,Wallace,20199,100.0
KS,Washington,20201,2.3776993395391015
KS,Wichita,20203,100.0
KS,Wilson,20205,0.653461731890094
KS,Woodson,20207,0.7330211615506934
KS,Wyandotte,20209,1.638249884227154
KY,Adair,21001,0.2880656586630438
KY,Allen,21003,0.3103377918803016
KY,Anderson,21005,0.3270981301736896
KY,Ballard,21007,0.3519939930096479
KY,Barren,21009,0.3072642590427025
KY,Bath,21011,0.3664533259224898
KY,Bell,21013,0.2749209702088196
KY,Boone,21015,0.3553754741259363
KY,Bourbon,21017,0.3719349626164199
KY,Boyd,21019,0.3626764191006368
KY,Boyle,21021,0.3239581863441392
KY,Bracken,21023,0.3588287321991223
KY,Breathitt,21025,0.3494319091439409
KY,Breckinridge,21027,0.3132599326716319
KY,Bullitt,21029,0.3266352032815574
KY,Butler,21031,0.3014020586835982
KY,Caldwell,21033,0.3043483426248652
KY,Calloway,21035,0.3416795332601876
KY,Campbell,21037,0.3695173541223225
KY,Carlisle,21039,0.3047607982616184
KY,Carroll,21041,0.3670221039064199
KY,Carter,21043,0.3649930652992488
KY,Casey,21045,0.2922920173553102
KY,Christian,21047,0.2975211778591767
KY,Clark,21049,0.3456175646913348
KY,Clay,21051,0.3120315022890064
KY,Clinton,21053,0.282890858408115
KY,Crittenden,21055,0.3176338371833343
KY,Cumberland,21057,0.2962610033095888
KY,Daviess,21059,0.3381657888973595
KY,Edmonson,21061,0.2886313057835803
KY,Elliott,21063,0.3787773493619956
KY,Estill,21065,0.3318286289305319
KY,Fayette,21067,0.3342098486995065
KY,Fleming,21069,0.3570073572815743
KY,Floyd,21071,0.401255775211671
KY,Franklin,21073,0.3332091750632948
KY,Fulton,21075,0.3131767163048454
KY,Gallatin,21077,0.3512140753750148
KY,Garrard,21079,0.3283282927320386
KY,Grant,21081,0.339705957356644
KY,Graves,21083,0.3096243412969117
KY,Grayson,21085,0.298981558452931
KY,Green,21087,0.2883476337481842
KY,Greenup,21089,0.360491070054929
KY,Hancock,21091,0.3216320559337822
KY,Hardin,21093,0.3017731471082502
KY,Harlan,21095,0.2780218073866527
KY,Harrison,21097,0.3692838328083573
KY,Hart,21099,0.2893287422829401
KY,Henderson,21101,0.3439037587319853
KY,Henry,21103,0.3347698023717732
KY,Hickman,21105,0.3040778358617395
KY,Hopkins,21107,0.3202620718573327
KY,Jackson,21109,0.3118512677148773
KY,Jefferson,21111,0.3558095376910439
KY,Jessamine,21113,0.3300378000097247
KY,Johnson,21115,0.3830259630956711
KY,Kenton,21117,0.3607718989191986
KY,Knott,21119,0.3652357635025366
KY,Knox,21121,0.2766859106878987
KY,Larue,21123,0.2964959814094191
KY,Laurel,21125,0.2889109625548937
KY,Lawrence,21127,0.3463822148746708
KY,Lee,21129,0.3350446998413535
KY,Leslie,21131,0.3159440063347883
KY,Letcher,21133,0.3395192749249687
KY,Lewis,21135,0.3581085233428612
KY,Lincoln,21137,0.3120516311599509
KY,Livingston,21139,0.316572550256504
KY,Logan,21141,0.3088545054158716
KY,Lyon,21143,0.2903834664290326
KY,McCracken,21145,0.3674131451773577
KY,McCreary,21147,0.2642307416219102
KY,McLean,21149,0.3265350205521518
KY,Madison,21151,0.3300220750730374
KY,Magoffin,21153,0.3595412743783477
KY,Marion,21155,0.3184960990418923
KY,Marshall,21157,0.3667494285717209
KY,Martin,21159,0.3865670250988295
KY,Mason,21161,0.3633170350476065
KY,Meade,21163,0.3266214731044114
KY,Menifee,21165,0.3494376107908749
KY,Mercer,21167,0.3279695039420953
KY,Metcalfe,21169,0.2903768836394707
KY,Monroe,21171,0.3010816822923286
KY,Montgomery,21173,0.3609774078426893
KY,Morgan,21175,0.3600731261506746
KY,Muhlenberg,21177,0.3091656490037566
KY,Nelson,21179,0.3222415592153344
KY,Nicholas,21181,0.3648419230553782
KY,Ohio,21183,0.3104910939683388
KY,Oldham,21185,0.3541696337212694
KY,Owen,21187,0.3276042434823993
KY,Owsley,21189,0.3167892988780698
KY,Pendleton,21191,0.3624221689238696
KY,Perry,21193,0.3505326888808576
KY,Pike,21195,0.3911194879460111
KY,Powell,21197,0.3319588827312215
KY,Pulaski,21199,0.2979868693948876
KY,Robertson,21201,0.3564641349827727
KY,Rockcastle,21203,0.2997854664812273
KY,Rowan,21205,0.3580687898843594
KY,Russell,21207,0.3097953228164046
KY,Scott,21209,0.328415373748973
KY,Shelby,21211,0.3263553814252859
KY,Simpson,21213,0.3078469003608839
KY,Spencer,21215,0.3255860979054451
KY,Taylor,21217,0.2875984986909852
KY,Todd,21219,0.3068421236204998
KY,Trigg,21221,0.2800605464698262
KY,Trimble,21223,0.3644994419900312
KY,Union,21225,0.3392693752580851
KY,Warren,21227,0.3046576138337639
KY,Washington,21229,0.3179035889809947
KY,Wayne,21231,0.2842617786443137
KY,Webster,21233,0.3410977019811707
KY,Whitley,21235,0.273950637283116
KY,Wolfe,21237,0.3399845655535329
KY,Woodford,21239,0.3288712897697321
LA,Acadia Parish,22001,0.3977561345577861
LA,Allen Parish,22003,0.3053900729922699
LA,Ascension Parish,22005,0.2982268117694205
LA,Assumption Parish,22007,0.2922183487582394
LA,Avoyelles Parish,22009,0.3204125766133247
LA,Beauregard Parish,22011,0.3994366413130503
LA,Bienville Parish,22013,0.3948528073508466
LA,Bossier Parish,22015,0.4961630453379512
LA,Caddo Parish,22017,0.4622945372666006
LA,Calcasieu Parish,22019,0.3733277069561822
LA,Caldwell Parish,22021,0.5331201595009549
LA,Cameron Parish,22023,0.3234696930544436
LA,Catahoula Parish,22025,0.3800080599157642
LA,Claiborne Parish,22027,0.3952447521351536
LA,Concordia Parish,22029,0.3427849483918866
LA,De Soto Parish,22031,0.5177149910964706
LA,East Baton Rouge Parish,22033,0.3094637500285761
LA,East Carroll Parish,22035,0.5009892272866974
LA,East Feliciana Parish,22037,0.2889622001650197
LA,Evangeline Parish,22039,0.3400490288982642
LA,Franklin Parish,22041,1.4649327495569435
LA,Grant Parish,22043,0.3592586123439807
LA,Iberia Parish,22045,0.4052536053857958
LA,Iberville Parish,22047,0.2908198532719518
LA,Jackson Parish,22049,0.3750111556364572
LA,Jefferson Parish,22051,0.2938215579465514
LA,Jefferson Davis Parish,22053,0.4459445444037812
LA,Lafayette Parish,22055,0.4862166115804959
LA,Lafourche Parish,22057,0.2936872817760613
LA,LaSalle Parish,22059,0.3525042181804148
LA,Lincoln Parish,22061,0.3869957150676122
LA,Livingston Parish,22063,0.2955184153383298
LA,Madison Parish,22065,0.472076364841862
LA,Morehouse Parish,22067,1.0815330030588308
LA,Natchitoches Parish,22069,0.3769629242406894
LA,Orleans Parish,22071,0.3010428855821314
LA,Ouachita Parish,22073,0.6219590441952014
LA,Plaquemines Parish,22075,0.290177581281817
LA,Pointe Coupee Parish,22077,0.2838753026328686
LA,Rapides Parish,22079,0.354102607817709
LA,Red River Parish,22081,0.4206916907302312
LA,Richland Parish,22083,4.40637991626038
LA,Sabine Parish,22085,0.5364171803227221
LA,St. Bernard Parish,22087,0.2914489458090447
LA,St. Charles Parish,22089,0.3210753992135712
LA,St. Helena Parish,22091,0.2964196883302326
LA,St. James Parish,22093,0.3020838618080207
LA,St. John the Baptist Parish,22095,0.2927439377002185
LA,St. Landry Parish,22097,0.3636839910586502
LA,St. Martin Parish,22099,0.3226119369554239
LA,St. Mary Parish,22101,0.319425205460189
LA,St. Tammany Parish,22103,0.2889504445779056
LA,Tangipahoa Parish,22105,0.2745732036134859
LA,Tensas Parish,22107,0.4433460851281621
LA,Terrebonne Parish,22109,0.289603369914076
LA,Union Parish,22111,0.3739102660265422
LA,Vermilion Parish,22113,0.3707144525755623
LA,Vernon Parish,22115,0.3602621906379737
LA,Washington Parish,22117,0.2759620968518285
LA,Webster Parish,22119,0.4564324513599526
LA,West Baton Rouge Parish,22121,0.2923614382645472
LA,West Carroll Parish,22123,1.5635111186961117
LA,West Feliciana Parish,22125,0.3011831424488395
LA,Winn Parish,22127,0.3722062692102999
ME,Androscoggin,23001,0.2220701541755223
ME,Aroostook,23003,0.2559541861762568
ME,Cumberland,23005,0.240123928948949
ME,Franklin,23007,0.2362114901436034
ME,Hancock,23009,0.2087813076758666
ME,Kennebec,23011,0.2343177361284479
ME,Knox,23013,0.2252755830784593
ME,Lincoln,23015,0.2428661338882671
ME,Oxford,23017,0.2175215141131855
ME,Penobscot,23019,0.2347338702810743
ME,Piscataquis,23021,0.2371755151932159
ME,Sagadahoc,23023,0.2322368655805344
ME,Somerset,23025,0.2408188828405272
ME,Waldo,23027,0.2266387517855504
ME,Washington,23029,0.2148977507834476
ME,York,23031,0.2321456039203345
MD,Allegany,24001,0.3565775057412162
MD,Anne Arundel,24003,0.4165125789542306
MD,Baltimore,24005,0.3954320126948983
MD,Calvert,24009,0.4269820462835355
MD,Caroline,24011,0.3843437468589924
MD,Carroll,24013,0.3774982678269278
MD,Cecil,24015,0.3485212850359462
MD,Charles,24017,0.4320898616345148
MD,Dorchester,24019,0.426247535841315
MD,Frederick,24021,0.3838260735365164
MD,Garrett,24023,0.2631196465858949
MD,Harford,24025,0.3598249742468013
MD,Howard,24027,0.4316091669380911
MD,Kent,24029,0.352629841823964
MD,Montgomery,24031,0.4167950725580642
MD,Prince George's,24033,0.427355987098708
MD,Queen Anne's,24035,0.3558390476994115
MD,St. Mary's,24037,0.4329053692346944
MD,Somerset,24039,0.452382568660053
MD,Talbot,24041,0.3551118521567265
MD,Washington,24043,0.4177683756826142
MD,Wicomico,24045,0.4594518088350593
MD,Worcester,24047,0.4552879777826781
MD,Baltimore City,24510,0.3977668368727239
MA,Barnstable,25001,0.2524102962364448
MA,Berkshire,25003,0.2280720212149283
MA,Bristol,25005,0.2355700352415755
MA,Essex,25009,0.2739473389683596
MA,Franklin,25011,0.2162158254280353
MA,Hampden,25013,0.2434358253003775
MA,Hampshire,25015,0.2452403341438313
MA,Middlesex,25017,0.261492797711947
MA,Norfolk,25021,0.2633925077835854
MA,Plymouth,25023,0.2458722309002242
MA,Suffolk,25025,0.2812036592452933
MA,Worcester,25027,0.2595207937030933
MI,Alcona,26001,0.6032798895960972
MI,Alger,26003,0.3884734714923031
MI,Allegan,26005,0.4202977086662271
MI,Alpena,26007,0.5964483036950826
MI,Antrim,26009,0.2475946754937468
MI,Arenac,26011,0.4804404955515182
MI,Baraga,26013,0.4227312209974009
MI,Barry,26015,0.4922836271690035
MI,Bay,26017,0.5825806896712074
MI,Benzie,26019,0.3935919637136032
MI,Berrien,26021,0.4199458667076445
MI,Branch,26023,0.4517116422311893
MI,Calhoun,26025,0.4431931837445113
MI,Cass,26027,0.4599142725498745
MI,Charlevoix,26029,0.2439690399976647
MI,Cheboygan,26031,0.4226291669335135
MI,Chippewa,26033,0.4392323389904804
MI,Clare,26035,0.5309972980711017
MI,Clinton,26037,0.6023829887409778
MI,Crawford,26039,0.5489693175232546
MI,Delta,26041,0.4752173495780938
MI,Dickinson,26043,0.5795561164200957
MI,Eaton,26045,0.513756439433984
MI,Emmet,26047,0.2930991853185677
MI,Genesee,26049,0.5887908784829287
MI,Gladwin,26051,0.5371307088943938
MI,Gogebic,26053,0.4636114347325291
MI,Grand Traverse,26055,0.2759638441270671
MI,Gratiot,26057,0.5743106592109385
MI,Hillsdale,26059,0.4572488083639794
MI,Houghton,26061,0.3593060809553644
MI,Huron,26063,0.6334241860537944
MI,Ingham,26065,0.5985428247614647
MI,Ionia,26067,0.5078879557021572
MI,Iosco,26069,0.4880579679135393
MI,Iron,26071,0.5995823550990586
MI,Isabella,26073,0.5391288213320014
MI,Jackson,26075,0.5481049620674057
MI,Kalamazoo,26077,0.4445868849859883
MI,Kalkaska,26079,0.2993409368606769
MI,Kent,26081,0.4859999759905948
MI,Keweenaw,26083,0.3166895102167579
MI,Lake,26085,0.3829305820851161
MI,Lapeer,26087,0.6085037143908247
MI,Leelanau,26089,0.347938416931529
MI,Lenawee,26091,0.5442251734656715
MI,Livingston,26093,0.5943560932217009
MI,Luce,26095,0.390342537298288
MI,Mackinac,26097,0.4487455243707715
MI,Macomb,26099,0.5166889156394464
MI,Manistee,26101,0.3550146905340445
MI,Marquette,26103,0.4632633833687276
MI,Mason,26105,0.3879877665126654
MI,Mecosta,26107,0.536109866000923
MI,Menominee,26109,0.5946308541374921
MI,Midland,26111,0.5383576613137061
MI,Missaukee,26113,0.4842411377624487
MI,Monroe,26115,0.5247117624519887
MI,Montcalm,26117,0.5380471933420723
MI,Montmorency,26119,0.5776481072686482
MI,Muskegon,26121,0.4430394196243486
MI,Newaygo,26123,0.4400124319243489
MI,Oakland,26125,0.5435255690329357
MI,Oceana,26127,0.388587624074567
MI,Ogemaw,26129,0.4947493709527664
MI,Ontonagon,26131,0.4298691318590923
MI,Osceola,26133,0.4819118355829703
MI,Oscoda,26135,0.5961235567749511
MI,Otsego,26137,0.4427479401383639
MI,Ottawa,26139,0.4369989648388928
MI,Presque Isle,26141,0.5699040772724926
MI,Roscommon,26143,0.5441856737099734
MI,Saginaw,26145,0.5914644185649105
MI,St. Clair,26147,0.6615230043869651
MI,St. Joseph,26149,0.4725273886600906
MI,Sanilac,26151,0.648985329583035
MI,Schoolcraft,26153,0.3829608673264988
MI,Shiawassee,26155,0.5838628278956881
MI,Tuscola,26157,0.6314656885576277
MI,Van Buren,26159,0.4243651802498049
MI,Washtenaw,26161,0.5736795134775019
MI,Wayne,26163,0.5671445781704605
MI,Wexford,26165,0.3775246295884142
MN,Aitkin,27001,0.8368911023000195
MN,Anoka,27003,0.9933991456425778
MN,Becker,27005,1.5230244887848656
MN,Beltrami,27007,1.4239319732342024
MN,Benton,27009,0.935030168180838
MN,Big Stone,27011,2.35751807487246
MN,Blue Earth,27013,0.8586641955215429
MN,Brown,27015,1.117288996501091
MN,Carlton,27017,0.577599316821283
MN,Carver,27019,1.0695862622609011
MN,Cass,27021,1.0137797509803466
MN,Chippewa,27023,1.62602853534972
MN,Chisago,27025,0.6793676356625802
MN,Clay,27027,1.9530569801728317
MN,Clearwater,27029,1.5526518007304428
MN,Cook,27031,0.5108249529222952
MN,Cottonwood,27033,1.0366171645639255
MN,Crow Wing,27035,0.9636397748711508
MN,Dakota,27037,0.8751563984264679
MN,Dodge,27039,0.6496325138724366
MN,Douglas,27041,1.3599238958747304
MN,Faribault,27043,0.8005280346222543
MN,Fillmore,27045,0.6192326010999032
MN,Freeborn,27047,0.6293579189119786
MN,Goodhue,27049,0.7485690425594429
MN,Grant,27051,2.305896291646742
MN,Hennepin,27053,1.592550748505949
MN,Houston,27055,0.6276484829733903
MN,Hubbard,27057,1.061016617050345
MN,Isanti,27059,0.7928969418686401
MN,Itasca,27061,0.9114323106402978
MN,Jackson,27063,0.9171796610875648
MN,Kanabec,27065,0.6415202698853681
MN,Kandiyohi,27067,1.2388928976849842
MN,Kittson,27069,1.7453692021737146
MN,Koochiching,27071,0.8867830565676074
MN,Lac qui Parle,27073,1.949132342490212
MN,Lake,27075,0.5616732188441601
MN,Lake of the Woods,27077,1.2534164203665747
MN,Le Sueur,27079,0.9327155057633632
MN,Lincoln,27081,1.498666549527047
MN,Lyon,27083,1.214927921058058
MN,McLeod,27085,1.0396074607145125
MN,Mahnomen,27087,1.665118887040463
MN,Marshall,27089,1.760467395545522
MN,Martin,27091,0.831249335719859
MN,Meeker,27093,1.0142789619709072
MN,Mille Lacs,27095,0.7920436159748797
MN,Morrison,27097,0.970841938195137
MN,Mower,27099,0.5924556708462166
MN,Murray,27101,1.0259770203706124
MN,Nicollet,27103,1.135226485418945
MN,Nobles,27105,1.0050245647469251
MN,Norman,27107,1.9514159771311517
MN,Olmsted,27109,0.6661685944686131
MN,Otter Tail,27111,1.613440682669288
MN,Pennington,27113,1.8096037726776084
MN,Pine,27115,0.5877499283829407
MN,Pipestone,27117,1.437283399761039
MN,Polk,27119,2.03652221187632
MN,Pope,27121,1.6705185072310638
MN,Ramsey,27123,1.335518988040613
MN,Red Lake,27125,1.7442862444567633
MN,Redwood,27127,1.1544413025728957
MN,Renville,27129,1.2245069234893542
MN,Rice,27131,0.7086718284068962
MN,Rock,27133,1.2825717251506152
MN,Roseau,27135,1.5173936096467515
MN,St. Louis,27137,0.6486913957956556
MN,Scott,27139,1.068740014435288
MN,Sherburne,27141,0.9682671535624038
MN,Sibley,27143,1.0653994679353018
MN,Stearns,27145,0.9984361053571328
MN,Steele,27147,0.6850576354345959
MN,Stevens,27149,2.055458286161237
MN,Swift,27151,1.862532797478901
MN,Todd,27153,1.1023259680557858
MN,Traverse,27155,2.5908415152602857
MN,Wabasha,27157,0.6980074959820833
MN,Wadena,27159,1.172231496327976
MN,Waseca,27161,0.7338369752009015
MN,Washington,27163,0.8061290452976786
MN,Watonwan,27165,0.9737188649194268
MN,Wilkin,27167,2.1487167761385995
MN,Winona,27169,0.6801910764219755
MN,Wright,27171,1.0030706965764435
MN,Yellow Medicine,27173,1.5103913507478022
MS,Adams,28001,0.3424624433468337
MS,Alcorn,28003,0.2734884617877254
MS,Amite,28005,0.2936178673704376
MS,Attala,28007,0.3314404596770119
MS,Benton,28009,0.2913511131006978
MS,Bolivar,28011,0.50013864628234
MS,Calhoun,28013,0.3022659267702967
MS,Carroll,28015,0.312807285789406
MS,Chickasaw,28017,0.2895340301308931
MS,Choctaw,28019,0.327906623509348
MS,Claiborne,28021,0.3408345682770944
MS,Clarke,28023,0.3196457781104329
MS,Clay,28025,0.2843262701515815
MS,Coahoma,28027,0.3725068901348091
MS,Copiah,28029,0.3310089824118093
MS,Covington,28031,0.3059037196460961
MS,DeSoto,28033,0.3078312435089939
MS,Forrest,28035,0.2833371194092337
MS,Franklin,28037,0.3549230491742823
MS,George,28039,0.2525994943155488
MS,Greene,28041,0.2991800386465657
MS,Grenada,28043,0.3033621122612165
MS,Hancock,28045,0.2476172798973761
MS,Harrison,28047,0.2418553918738717
MS,Hinds,28049,0.3214368102649779
MS,Holmes,28051,0.3210110078956774
MS,Humphreys,28053,0.4274906394237051
MS,Issaquena,28055,0.3880101731989898
MS,Itawamba,28057,0.2951844354457916
MS,Jackson,28059,0.2477371780292868
MS,Jasper,28061,0.3105961465809335
MS,Jefferson,28063,0.3545057247285219
MS,Jefferson Davis,28065,0.3021054661231679
MS,Jones,28067,0.3094888314835115
MS,Kemper,28069,0.3284799729707294
MS,Lafayette,28071,0.2897262968963002
MS,Lamar,28073,0.2725717354394859
MS,Lauderdale,28075,0.3211742134294064
MS,Lawrence,28077,0.3018996356984842
MS,Leake,28079,0.3546424377654552
MS,Lee,28081,0.2832542283994894
MS,Leflore,28083,0.4287451439495972
MS,Lincoln,28085,0.2942345446433237
MS,Lowndes,28087,0.2920634453359355
MS,Madison,28089,0.3158826269749237
MS,Marion,28091,0.2833718780806883
MS,Marshall,28093,0.2973132690452781
MS,Monroe,28095,0.2889943506054835
MS,Montgomery,28097,0.3120263400669445
MS,Neshoba,28099,0.3541407625274408
MS,Newton,28101,0.3272901002210014
MS,Noxubee,28103,0.3224907206430203
MS,Oktibbeha,28105,0.3043488857112638
MS,Panola,28107,0.3002475050366636
MS,Pearl River,28109,0.266519526398805
MS,Perry,28111,0.2860072948753181
MS,Pike,28113,0.2632033454131266
MS,Pontotoc,28115,0.2877390554237543
MS,Prentiss,28117,0.2902997226077549
MS,Quitman,28119,0.3494240024374469
MS,Rankin,28121,0.3272072203899713
MS,Scott,28123,0.3388626528915945
MS,Sharkey,28125,0.4042471963785065
MS,Simpson,28127,0.3197532764486178
MS,Smith,28129,0.3094445449722609
MS,Stone,28131,0.256033744669859
MS,Sunflower,28133,0.5179008797663648
MS,Tallahatchie,28135,0.3276105305246783
MS,Tate,28137,0.3066383648726621
MS,Tippah,28139,0.277864193003732
MS,Tishomingo,28141,0.282504938298344
MS,Tunica,28143,0.3778890382521918
MS,Union,28145,0.2810465594138905
MS,Walthall,28147,0.2702360461187614
MS,Warren,28149,0.3231657574501526
MS,Washington,28151,0.4952098541923973
MS,Wayne,28153,0.3146055260904017
MS,Webster,28155,0.3088030996720973
MS,Wilkinson,28157,0.2967333507958647
MS,Winston,28159,0.3455714040640545
MS,Yalobusha,28161,0.3002534161901157
MS,Yazoo,28163,0.3213565546257227
MO,Adair,29001,0.5618670980175794
MO,Andrew,29003,0.7845395380074693
MO,Atchison,29005,1.0279937229080054
MO,Audrain,29007,0.5989687939758905
MO,Barry,29009,0.4517478093845187
MO,Barton,29011,0.5033982059756497
MO,Bates,29013,0.6251246286889304
MO,Benton,29015,0.6697867010600277
MO,Bollinger,29017,0.3944116686342364
MO,Boone,29019,1.920249517559676
MO,Buchanan,29021,1.060476572228947
MO,Butler,29023,0.3956902934906027
MO,Caldwell,29025,0.6670400521127421
MO,Callaway,29027,1.8840211789485068
MO,Camden,29029,0.5738848437931274
MO,Cape Girardeau,29031,0.5105360698573363
MO,Carroll,29033,0.5349565491900178
MO,Carter,29035,0.3562773021322752
MO,Cass,29037,0.5779905773060455
MO,Cedar,29039,0.5525443451312456
MO,Chariton,29041,0.5793819861779645
MO,Christian,29043,0.4543575694651679
MO,Clark,29045,0.5556491977059377
MO,Clay,29047,0.5371584578056038
MO,Clinton,29049,0.6270283427929163
MO,Cole,29051,1.184155843110186
MO,Cooper,29053,1.2779638515664162
MO,Crawford,29055,0.4982760363572137
MO,Dade,29057,0.5050674871527315
MO,Dallas,29059,0.5522710043360753
MO,Daviess,29061,0.6865036997415922
MO,De Kalb,29063,0.6818693596141998
MO,Dent,29065,0.4535981814248349
MO,Douglas,29067,0.4317931913461104
MO,Dunklin,29069,0.3555567419116413
MO,Franklin,29071,0.6150753953167496
MO,Gasconade,29073,0.54863428938375
MO,Gentry,29075,0.6876126523901355
MO,Greene,29077,0.4904981724957888
MO,Grundy,29079,0.6696934327053976
MO,Harrison,29081,0.6821447431596375
MO,Henry,29083,0.5732886630556912
MO,Hickory,29085,0.5276533737829529
MO,Holt,29087,0.939768894644802
MO,Howard,29089,1.7221492136086578
MO,Howell,29091,0.3926270895405297
MO,Iron,29093,0.397865747689552
MO,Jackson,29095,0.5027745235791327
MO,Jasper,29097,0.4786967543258594
MO,Jefferson,29099,0.5309522687836581
MO,Johnson,29101,0.5563599034098428
MO,Knox,29103,0.5743007464778549
MO,Laclede,29105,0.5183181651824166
MO,Lafayette,29107,0.4964267250889893
MO,Lawrence,29109,0.4832415840640128
MO,Lewis,29111,0.5674169832358944
MO,Lincoln,29113,0.5781214653624204
MO,Linn,29115,0.6441193142551709
MO,Livingston,29117,0.66702967872259
MO,McDonald,29119,0.4869461297436273
MO,Macon,29121,0.5684383442824744
MO,Madison,29123,0.3749887822388265
MO,Maries,29125,0.5074859990903255
MO,Marion,29127,0.5647196793596873
MO,Mercer,29129,0.6710157517923105
MO,Miller,29131,0.7301365409531213
MO,Mississippi,29133,0.920085849953666
MO,Moniteau,29135,2.1051449517272705
MO,Monroe,29137,0.5642194121713467
MO,Montgomery,29139,0.7338456414696208
MO,Morgan,29141,0.7337999917256729
MO,New Madrid,29143,0.417103817377995
MO,Newton,29145,0.4840987433547544
MO,Nodaway,29147,0.7252216709927035
MO,Oregon,29149,0.4096928515444956
MO,Osage,29151,0.6776021620752729
MO,Ozark,29153,0.4291657677069988
MO,Pemiscot,29155,0.3464753211101175
MO,Perry,29157,0.771399477432062
MO,Pettis,29159,0.6698640600567071
MO,Phelps,29161,0.4865292941551662
MO,Pike,29163,0.5791428364461269
MO,Platte,29165,1.122506255762103
MO,Polk,29167,0.5036683191875017
MO,Pulaski,29169,0.4868471762710803
MO,Putnam,29171,0.5940904101295374
MO,Ralls,29173,0.6056869467794925
MO,Randolph,29175,0.6328890784628058
MO,Ray,29177,0.4816879664424924
MO,Reynolds,29179,0.3892919188574257
MO,Ripley,29181,0.3534628533458459
MO,St. Charles,29183,0.6854029445073503
MO,St. Clair,29185,0.5639212564321728
MO,Ste. Genevieve,29186,0.6402646655920023
MO,St. Francois,29187,0.4178507577466147
MO,St. Louis,29189,0.7772980431612299
MO,Saline,29195,0.5631317722684418
MO,Schuyler,29197,0.571764982268265
MO,Scotland,29199,0.5693467527393627
MO,Scott,29201,0.5227150007548713
MO,Shannon,29203,0.357904051351605
MO,Shelby,29205,0.5571627637340643
MO,Stoddard,29207,0.349844296854573
MO,Stone,29209,0.4357162505975345
MO,Sullivan,29211,0.6353342060784062
MO,Taney,29213,0.4881461794912887
MO,Texas,29215,0.4182199430996387
MO,Vernon,29217,0.546050445917025
MO,Warren,29219,0.8180057104399893
MO,Washington,29221,0.4808189480856163
MO,Wayne,29223,0.3748280379251773
MO,Webster,29225,0.4720649151987156
MO,Worth,29227,0.6857214290292204
MO,Wright,29229,0.4699809587841096
MO,St. Louis City,29510,0.8748038123019822
MT,Beaverhead,30001,2.166363162111773
MT,Big Horn,30003,2.787027285387998
MT,Blaine,30005,11.423436041640509
MT,Broadwater,30007,1.840400074046349
MT,Carbon,30009,0.874270786516896
MT,Carter,30011,7.1447616864300825
MT,Cascade,30013,1.7162726247469218
MT,Chouteau,30015,2.539355264084587
MT,Custer,30017,5.729426313026831
MT,Daniels,30019,11.900094096465075
MT,Dawson,30021,4.831269079167999
MT,Deer Lodge,30023,1.4452163045440385
MT,Fallon,30025,5.021540669719759
MT,Fergus,30027,3.505126028100328
MT,Flathead,30029,0.2580257582520303
MT,Gallatin,30031,0.8654893852788169
MT,Garfield,30033,6.2437710249584635
MT,Glacier,30035,1.6120483424540692
MT,Golden Valley,30037,10.288354674511304
MT,Granite,30039,0.9828857666052542
MT,Hill,30041,8.680358386829077
MT,Jefferson,30043,1.6970253257139911
MT,Judith Basin,30045,2.195980621184334
MT,Lake,30047,0.359425063983443
MT,Lewis and Clark,30049,1.2590995984886473
MT,Liberty,30051,3.8811539047829937
MT,Lincoln,30053,0.5052707421518409
MT,McCone,30055,37.063728145289616
MT,Madison,30057,0.951273618146468
MT,Meagher,30059,2.779435662099221
MT,Mineral,30061,0.5957470937172225
MT,Missoula,30063,0.5351355389967577
MT,Musselshell,30065,10.147614620474243
MT,Park,30067,0.6370008497685927
MT,Petroleum,30069,7.231569931164617
MT,Phillips,30071,11.362849505406311
MT,Pondera,30073,1.5010709628587366
MT,Powder River,30075,12.351816438057933
MT,Powell,30077,0.6371784519251701
MT,Prairie,30079,4.722449357272697
MT,Ravalli,30081,0.6556404852325298
MT,Richland,30083,5.886019663642976
MT,Roosevelt,30085,8.528929620257438
MT,Rosebud,30087,3.659119204648846
MT,Sanders,30089,0.4547263402279832
MT,Sheridan,30091,9.276693644332
MT,Silver Bow,30093,1.485506012949628
MT,Stillwater,30095,0.6799327887606695
MT,Sweet Grass,30097,0.6686947509266883
MT,Teton,30099,3.56824655495748
MT,Toole,30101,3.4338320534507867
MT,Treasure,30103,3.406760397464635
MT,Valley,30105,9.42443078726423
MT,Wheatland,30107,14.89498706749351
MT,Wibaux,30109,5.326533307433461
MT,Yellowstone,30111,2.0025360922274684
NE,Adams,31001,100.0
NE,Antelope,31003,100.0
NE,Arthur,31005,4.986630540284729
NE,Banner,31007,100.0
NE,Blaine,31009,2.208839445749369
NE,Boone,31011,100.0
NE,Box Butte,31013,100.0
NE,Boyd,31015,4.4992937777831195
NE,Brown,31017,2.529337697416508
NE,Buffalo,31019,100.0
NE,Burt,31021,1.476964940635607
NE,Butler,31023,4.133013486481103
NE,Cass,31025,1.405966041136917
NE,Cedar,31027,16.132994803049346
NE,Chase,31029,100.0
NE,Cherry,31031,2.3642805884381692
NE,Cheyenne,31033,100.0
NE,Clay,31035,100.0
NE,Colfax,31037,3.1476853035372057
NE,Cuming,31039,2.1433030961232844
NE,Custer,31041,38.14342337839786
NE,Dakota,31043,1.690595422800349
NE,Dawes,31045,13.217439527164691
NE,Dawson,31047,100.0
NE,Deuel,31049,100.0
NE,Dixon,31051,2.512902531253761
NE,Dodge,31053,3.0383394383638818
NE,Douglas,31055,20.193163116213963
NE,Dundy,31057,100.0
NE,Fillmore,31059,100.0
NE,Franklin,31061,100.0
NE,Frontier,31063,100.0
NE,Furnas,31065,100.0
NE,Gage,31067,3.012310065487803
NE,Garden,31069,11.302183004582089
NE,Garfield,31071,2.8897741747462735
NE,Gosper,31073,100.0
NE,Grant,31075,2.3096410955200795
NE,Greeley,31077,37.22132834880066
NE,Hall,31079,100.0
NE,Hamilton,31081,100.0
NE,Harlan,31083,100.0
NE,Hayes,31085,100.0
NE,Hitchcock,31087,100.0
NE,Holt,31089,5.857265779603564
NE,Hooker,31091,2.495145569504655
NE,Howard,31093,100.0
NE,Jefferson,31095,100.0
NE,Johnson,31097,1.2791069849681629
NE,Kearney,31099,100.0
NE,Keith,31101,100.0
NE,Keya Paha,31103,5.1292675709353786
NE,Kimball,31105,100.0
NE,Knox,31107,3.3939539634026588
NE,Lancaster,31109,1.3448800324339103
NE,Lincoln,31111,100.0
NE,Logan,31113,7.514329928654474
NE,Loup,31115,1.773032775934482
NE,McPherson,31117,5.359853900585772
NE,Madison,31119,6.159753082246619
NE,Merrick,31121,100.0
NE,Morrill,31123,100.0
NE,Nance,31125,8.238584271232298
NE,Nemaha,31127,1.184843532415086
NE,Nuckolls,31129,100.0
NE,Otoe,31131,1.0919481950380645
NE,Pawnee,31133,1.171643586163658
NE,Perkins,31135,100.0
NE,Phelps,31137,100.0
NE,Pierce,31139,18.767529377612735
NE,Platte,31141,100.0
NE,Polk,31143,100.0
NE,Red Willow,31145,100.0
NE,Richardson,31147,1.1208776872703412
NE,Rock,31149,2.630158515646273
NE,Saline,31151,100.0
NE,Sarpy,31153,66.44922966094427
NE,Saunders,31155,1.7981227152410426
NE,Scotts Bluff,31157,100.0
NE,Seward,31159,15.130377589603446
NE,Sheridan,31161,6.682277381547474
NE,Sherman,31163,100.0
NE,Sioux,31165,16.261663480379642
NE,Stanton,31167,2.0757529071675385
NE,Thayer,31169,100.0
NE,Thomas,31171,2.441358757111467
NE,Thurston,31173,1.296358902472827
NE,Valley,31175,7.179041629806819
NE,Washington,31177,2.439009197203803
NE,Wayne,31179,2.3752187132625013
NE,Webster,31181,100.0
NE,Wheeler,31183,5.693437119113487
NE,York,31185,100.0
NV,Churchill,32001,12.187753234230478
NV,Clark,32003,14.481516742953447
NV,Douglas,32005,1.2634936145115472
NV,Elko,32007,3.2716723403430668
NV,Esmeralda,32009,11.046629682195892
NV,Eureka,32011,11.846704076849829
NV,Humboldt,32013,6.296870483810182
NV,Lander,32015,6.064969882414285
NV,Lincoln,32017,13.48266562406607
NV,Lyon,32019,2.805637999259046
NV,Mineral,32021,4.62360783613757
NV,Nye,32023,6.477947317272129
NV,Pershing,32027,5.728187851985323
NV,Storey,32029,0.9682053299565146
NV,Washoe,32031,1.0932296392570229
NV,White Pine,32033,1.815180189902845
NV,Carson City,32510,1.4346072445498776
NH,Belknap,33001,0.2382772857513598
NH,Carroll,33003,0.2062378043647476
NH,Cheshire,33005,0.2383981168476728
NH,Coos,33007,0.2250374125265917
NH,Grafton,33009,0.224289561907286
NH,Hillsborough,33011,0.2492736402118566
NH,Merrimack,33013,0.2367997025769098
NH,Rockingham,33015,0.2624058871047836
NH,Strafford,33017,0.257793262041449
NH,Sullivan,33019,0.223851818097853
NJ,Atlantic,34001,0.3112797973268854
NJ,Bergen,34003,0.2990178796018013
NJ,Burlington,34005,0.2766867330227135
NJ,Camden,34007,0.2880980278631009
NJ,Cape May,34009,0.3238208767126387
NJ,Cumberland,34011,0.3255786812831953
NJ,Essex,34013,0.3062389088266935
NJ,Gloucester,34015,0.2956186131118752
NJ,Hudson,34017,0.325488793990729
NJ,Hunterdon,34019,0.274040051248023
NJ,Mercer,34021,0.2692032773291603
NJ,Middlesex,34023,0.2889992438647104
NJ,Monmouth,34025,0.2981335727843004
NJ,Morris,34027,0.2826585008573266
NJ,Ocean,34029,0.2765439122641739
NJ,Passaic,34031,0.3008138238212975
NJ,Salem,34033,0.322079916528236
NJ,Somerset,34035,0.2811684171024138
NJ,Sussex,34037,0.2570632806517848
NJ,Union,34039,0.3657504634444652
NJ,Warren,34041,0.2590661756046796
NM,Bernalillo,35001,100.0
NM,Catron,35003,9.020873034556551
NM,Chaves,35005,100.0
NM,Cibola,35006,65.10023241184625
NM,Colfax,35007,18.51602678768061
NM,Curry,35009,100.0
NM,De Baca,35011,100.0
NM,Dona Ana,35013,100.0
NM,Eddy,35015,100.0
NM,Grant,35017,7.306682069878906
NM,Guadalupe,35019,15.089899321730451
NM,Harding,35021,81.93053716242893
NM,Hidalgo,35023,11.40065457304688
NM,Lea,35025,100.0
NM,Lincoln,35027,10.771680610027184
NM,Los Alamos,35028,5.85781507753652
NM,Luna,35029,6.764260470149985
NM,McKinley,35031,17.689494283188427
NM,Mora,35033,12.9989932887811
NM,Otero,35035,7.405313766337068
NM,Quay,35037,43.63637534035795
NM,Rio Arriba,35039,2.0572684198879547
NM,Roosevelt,35041,100.0
NM,Sandoval,35043,10.221216217426736
NM,San Juan,35045,3.171365892786055
NM,San Miguel,35047,16.607504421010088
NM,Santa Fe,35049,8.477654091654342
NM,Sierra,35051,100.0
NM,Socorro,35053,13.791428093748909
NM,Taos,35055,2.9051860040714415
NM,Torrance,35057,29.56126133055569
NM,Union,35059,100.0
NM,Valencia,35061,100.0
NY,Albany,36001,0.233232084777879
NY,Allegany,36003,0.3259868877919608
NY,Bronx,36005,0.3155540563500735
NY,Broome,36007,0.2717338206970229
NY,Cattaraugus,36009,0.2446297302603498
NY,Cayuga,36011,0.3690066436923789
NY,Chautauqua,36013,0.235987296170828
NY,Chemung,36015,0.3890156659987158
NY,Chenango,36017,0.2620290441921404
NY,Columbia,36021,0.2242809308271042
NY,Cortland,36023,0.2667540678407807
NY,Delaware,36025,0.2886907755456298
NY,Dutchess,36027,0.2657242922557354
NY,Erie,36029,0.27552237297374
NY,Essex,36031,0.2327839991927984
NY,Franklin,36033,0.240052944115082
NY,Fulton,36035,0.2116537171773154
NY,Genesee,36037,0.3660774723348649
NY,Greene,36039,0.2563022673746461
NY,Hamilton,36041,0.208990225492398
NY,Herkimer,36043,0.19820357444633
NY,Jefferson,36045,0.1825294132311602
NY,Kings,36047,0.6583918007742013
NY,Lewis,36049,0.1861110885080004
NY,Livingston,36051,0.3936812762425672
NY,Madison,36053,0.2461673665969425
NY,Monroe,36055,0.4207661199332554
NY,Montgomery,36057,0.2189646826645806
NY,Nassau,36059,0.6496837234973363
NY,New York,36061,0.4027749830974911
NY,Niagara,36063,0.3496296516838469
NY,Oneida,36065,0.2141415539470983
NY,Onondaga,36067,0.3001771071320583
NY,Ontario,36069,0.3735096095870104
NY,Orange,36071,0.2705695860364152
NY,Orleans,36073,0.372408139368135
NY,Oswego,36075,0.2030703339119401
NY,Otsego,36077,0.2662673062566071
NY,Putnam,36079,0.331455667560893
NY,Queens,36081,0.4605051233229051
NY,Rensselaer,36083,0.2256798504259988
NY,Richmond,36085,0.3382261253685967
NY,Rockland,36087,0.3060181739203385
NY,St. Lawrence,36089,0.2263656697736278
NY,Saratoga,36091,0.2200444290783702
NY,Schenectady,36093,0.2273587953287324
NY,Schoharie,36095,0.3023243466243271
NY,Schuyler,36097,0.3599511346569725
NY,Seneca,36099,0.3574093556732259
NY,Steuben,36101,0.4085791510975658
NY,Suffolk,36103,0.6599596848984554
NY,Sullivan,36105,0.2616352586072388
NY,Tioga,36107,0.2845991841088033
NY,Tompkins,36109,0.3410626022052255
NY,Ulster,36111,0.2557831168752983
NY,Warren,36113,0.2300555974678664
NY,Washington,36115,0.2275662530650377
NY,Wayne,36117,0.4017257426861035
NY,Westchester,36119,0.3219713605502309
NY,Wyoming,36121,0.320485412484123
NY,Yates,36123,0.3581028056773205
NC,Alamance,37001,0.5180746313936475
NC,Alexander,37003,0.3586272915696649
NC,Alleghany,37005,0.3214553914315012
NC,Anson,37007,0.460595612919321
NC,Ashe,37009,0.3233137877636411
NC,Avery,37011,0.3083631714544447
NC,Beaufort,37013,0.3294546241418174
NC,Bertie,37015,0.4921813787067544
NC,Bladen,37017,0.4466094144140409
NC,Brunswick,37019,0.4416513694419707
NC,Buncombe,37021,0.2908583936031074
NC,Burke,37023,0.3400420214866641
NC,Cabarrus,37025,0.5114170000831202
NC,Caldwell,37027,0.3350530156175164
NC,Camden,37029,0.5012454015941562
NC,Carteret,37031,0.415666454618832
NC,Caswell,37033,0.5335409906041082
NC,Catawba,37035,0.3503525770768412
NC,Chatham,37037,0.5148711390343222
NC,Cherokee,37039,0.2353469510528018
NC,Chowan,37041,0.5098219488716842
NC,Clay,37043,0.2250993833150093
NC,Cleveland,37045,0.3344015272607153
NC,Columbus,37047,0.4384308999673169
NC,Craven,37049,0.4427657237178916
NC,Cumberland,37051,0.4849639736415486
NC,Currituck,37053,0.5041764216913097
NC,Dare,37055,0.4747199155493199
NC,Davidson,37057,0.4370911360239852
NC,Davie,37059,0.3746156664675977
NC,Duplin,37061,0.4539700733841831
NC,Durham,37063,0.4953859624165611
NC,Edgecombe,37065,0.2861547089851321
NC,Forsyth,37067,0.3818192548958823
NC,Franklin,37069,0.4974094377987642
NC,Gaston,37071,0.3418567512007282
NC,Gates,37073,0.5170479350130911
NC,Graham,37075,0.2612263910259914
NC,Granville,37077,0.4937020108162785
NC,Greene,37079,0.5021093126716276
NC,Guilford,37081,0.5277993731210716
NC,Halifax,37083,0.5381730733000007
NC,Harnett,37085,0.4988147911324551
NC,Haywood,37087,0.2368931055912108
NC,Henderson,37089,0.3002896098460541
NC,Hertford,37091,0.5115994675630472
NC,Hoke,37093,0.4884655370562052
NC,Hyde,37095,0.364050483379262
NC,Iredell,37097,0.410572571390457
NC,Jackson,37099,0.1904683580913858
NC,Johnston,37101,0.481024359289378
NC,Jones,37103,0.4295524888154093
NC,Lee,37105,0.5116356015252317
NC,Lenoir,37107,0.4455534327408527
NC,Lincoln,37109,0.3985915682319195
NC,McDowell,37111,0.3260296937221291
NC,Macon,37113,0.2286532683157201
NC,Madison,37115,0.284306076164015
NC,Martin,37117,0.3645368459025442
NC,Mecklenburg,37119,0.4318754749144723
NC,Mitchell,37121,0.304907633105702
NC,Montgomery,37123,0.4696286833506893
NC,Moore,37125,0.5060091701242669
NC,Nash,37127,0.4930294247334597
NC,New Hanover,37129,0.4524351741198704
NC,Northampton,37131,0.5030182618257435
NC,Onslow,37133,0.4541916532500457
NC,Orange,37135,0.502856388177808
NC,Pamlico,37137,0.4142795286444173
NC,Pasquotank,37139,0.5033942374590911
NC,Pender,37141,0.4434519947377824
NC,Perquimans,37143,0.5050638259026172
NC,Person,37145,0.5459596352863922
NC,Pitt,37147,0.2771565007988248
NC,Polk,37149,0.3324230804632302
NC,Randolph,37151,0.4808454298969208
NC,Richmond,37153,0.457833549254364
NC,Robeson,37155,0.4792750388991445
NC,Rockingham,37157,0.4629272912446829
NC,Rowan,37159,0.4421458100901212
NC,Rutherford,37161,0.3318993920129359
NC,Sampson,37163,0.4231896610655619
NC,Scotland,37165,0.489302645153471
NC,Stanly,37167,0.5062353232568554
NC,Stokes,37169,0.4338896840751835
NC,Surry,37171,0.3577530963809054
NC,Swain,37173,0.1901237896366069
NC,Transylvania,37175,0.3233885824413275
NC,Tyrrell,37177,0.4796820961201335
NC,Union,37179,0.4798912372982654
NC,Vance,37181,0.4996444099893682
NC,Wake,37183,0.5109586473730694
NC,Warren,37185,0.5174915772972174
NC,Washington,37187,0.4521195479572781
NC,Watauga,37189,0.2996197459621109
NC,Wayne,37191,0.4776733948403481
NC,Wilkes,37193,0.3570183746506859
NC,Wilson,37195,0.4078245978664993
NC,Yadkin,37197,0.3672963722480716
NC,Yancey,37199,0.3048520219419435
ND,Adams,38001,9.002215638669332
ND,Barnes,38003,3.543185912369228
ND,Benson,38005,5.298289999533259
ND,Billings,38007,7.077147506869417
ND,Bottineau,38009,10.977096910530898
ND,Bowman,38011,9.441344246025428
ND,Burke,38013,9.779535994610052
ND,Burleigh,38015,5.307208291534306
ND,Cass,38017,3.209025977530825
ND,Cavalier,38019,3.7477600585974926
ND,Dickey,38021,8.51281894576497
ND,Divide,38023,4.964388485898516
ND,Dunn,38025,6.612769828021048
ND,Eddy,38027,5.790085594160812
ND,Emmons,38029,5.446179658054358
ND,Foster,38031,6.099833259290073
ND,Golden Valley,38033,8.195564178608171
ND,Grand Forks,38035,2.9420213813943867
ND,Grant,38037,6.425923583308761
ND,Griggs,38039,5.414580263578592
ND,Hettinger,38041,6.936237142500957
ND,Kidder,38043,5.23725111131647
ND,LaMoure,38045,8.082613519764088
ND,Logan,38047,5.968462080313237
ND,McHenry,38049,11.825569429489372
ND,McIntosh,38051,6.344558324294372
ND,McKenzie,38053,5.700753219182339
ND,McLean,38055,6.976138164438272
ND,Mercer,38057,100.0
ND,Morton,38059,5.7521208154095484
ND,Mountrail,38061,7.103492118856517
ND,Nelson,38063,4.135457154427669
ND,Oliver,38065,6.377094615887177
ND,Pembina,38067,2.4427772509505794
ND,Pierce,38069,6.801781448892726
ND,Ramsey,38071,4.6503920819128
ND,Ransom,38073,3.2190569510878113
ND,Renville,38075,13.80917329198252
ND,Richland,38077,3.158743446243822
ND,Rolette,38079,7.4546827050829
ND,Sargent,38081,3.750127840802599
ND,Sheridan,38083,6.047128021912842
ND,Sioux,38085,6.0322522914889545
ND,Slope,38087,7.763647926190686
ND,Stark,38089,6.226175757473304
ND,Steele,38091,3.513908415368677
ND,Stutsman,38093,6.354518364667816
ND,Towner,38095,4.648237564054946
ND,Traill,38097,2.6320054279476803
ND,Walsh,38099,3.3077936985732186
ND,Ward,38101,9.583580418772652
ND,Wells,38103,6.123509494581287
ND,Williams,38105,7.4153210177265025
OH,Adams,39001,0.3864680618320426
OH,Allen,39003,0.4936908982650905
OH,Ashland,39005,0.4005425834592247
OH,Ashtabula,39007,0.2934608579522962
OH,Athens,39009,0.4015012085162397
OH,Auglaize,39011,0.464990399041203
OH,Belmont,39013,0.3750111766295212
OH,Brown,39015,0.3663122549204169
OH,Butler,39017,0.4093568871817044
OH,Carroll,39019,0.3865140131873749
OH,Champaign,39021,0.4276941288823931
OH,Clark,39023,0.4208877582952868
OH,Clermont,39025,0.3802953806900587
OH,Clinton,39027,0.3859580519624155
OH,Columbiana,39029,0.3860601994624181
OH,Coshocton,39031,0.4021906529906783
OH,Crawford,39033,0.4531891441572733
OH,Cuyahoga,39035,0.3134105479993346
OH,Darke,39037,0.4272244222324738
OH,Defiance,39039,0.4876648584659929
OH,Delaware,39041,0.4455860733002263
OH,Erie,39043,0.4562867675581026
OH,Fairfield,39045,0.4136937772161276
OH,Fayette,39047,0.406494311804767
OH,Franklin,39049,0.4586834616749176
OH,Fulton,39051,0.492939827741734
OH,Gallia,39053,0.4470824761393182
OH,Geauga,39055,0.2831782128510091
OH,Greene,39057,0.3908473072610419
OH,Guernsey,39059,0.3891848074602599
OH,Hamilton,39061,0.3958854205791928
OH,Hancock,39063,0.487470059443149
OH,Hardin,39065,0.4626882877495315
OH,Harrison,39067,0.3819654330613264
OH,Henry,39069,0.4952518931206969
OH,Highland,39071,0.380261942801478
OH,Hocking,39073,0.4088395163662769
OH,Holmes,39075,0.4005141200881777
OH,Huron,39077,0.4431373434462818
OH,Jackson,39079,0.4050711380678128
OH,Jefferson,39081,0.393913480424469
OH,Knox,39083,0.4029318385628004
OH,Lake,39085,0.2909320988079712
OH,Lawrence,39087,0.3812436741880742
OH,Licking,39089,0.3742189967489006
OH,Logan,39091,0.4332710108392824
OH,Lorain,39093,0.4151799253840465
OH,Lucas,39095,0.4949718817606363
OH,Madison,39097,0.4301794591569902
OH,Mahoning,39099,0.3714974098138292
OH,Marion,39101,0.4507911720997508
OH,Medina,39103,0.408524137064337
OH,Meigs,39105,0.3965978388144751
OH,Mercer,39107,0.4655478393149554
OH,Miami,39109,0.4261726194297423
OH,Monroe,39111,0.3300585225563008
OH,Montgomery,39113,0.421733823788187
OH,Morgan,39115,0.3843420490913752
OH,Morrow,39117,0.4264950638602797
OH,Muskingum,39119,0.3816291344633148
OH,Noble,39121,0.3572997492882466
OH,Ottawa,39123,0.4669280622809728
OH,Paulding,39125,0.4866775201071777
OH,Perry,39127,0.3891350036298295
OH,Pickaway,39129,0.4347721748021969
OH,Pike,39131,0.4230138149215676
OH,Portage,39133,0.3212650063457481
OH,Preble,39135,0.4062913698492089
OH,Putnam,39137,0.4926249626893602
OH,Richland,39139,0.4018723737798897
OH,Ross,39141,0.4212231935182104
OH,Sandusky,39143,0.4617336311877753
OH,Scioto,39145,0.3839686632340351
OH,Seneca,39147,0.4557315421851462
OH,Shelby,39149,0.433407759096163
OH,Stark,39151,0.387727260829854
OH,Summit,39153,0.3105287370852557
OH,Trumbull,39155,0.3397913059609994
OH,Tuscarawas,39157,0.3893285317822448
OH,Union,39159,0.4412716092065235
OH,Van Wert,39161,0.4835478835099582
OH,Vinton,39163,0.4129504525047695
OH,Warren,39165,0.391780179618288
OH,Washington,39167,0.3635741428113241
OH,Wayne,39169,0.39754949282364
OH,Williams,39171,0.466997034531171
OH,Wood,39173,0.4705647698836225
OH,Wyandot,39175,0.461983776116844
OK,Adair,40001,0.4207951146178416
OK,Alfalfa,40003,2.5326072822026946
OK,Atoka,40005,0.5880323551832847
OK,Beaver,40007,100.0
OK,Beckham,40009,10.614113684121008
OK,Blaine,40011,5.077570376832376
OK,Bryan,40013,0.9843968959043244
OK,Caddo,40015,5.380122449310899
OK,Canadian,40017,4.037031771171827
OK,Carter,40019,1.6447738850342766
OK,Cherokee,40021,0.5667507025852181
OK,Choctaw,40023,0.5323044066676478
OK,Cimarron,40025,100.0
OK,Cleveland,40027,1.8118897743960545
OK,Coal,40029,0.615492653731582
OK,Comanche,40031,1.6927886537629877
OK,Cotton,40033,1.7883660623814506
OK,Craig,40035,0.5718257912745969
OK,Creek,40037,1.0236763635880766
OK,Custer,40039,6.550971158806666
OK,Delaware,40041,0.530971095813833
OK,Dewey,40043,19.02680859839931
OK,Ellis,40045,64.61728003932423
OK,Garfield,40047,1.7509621970486138
OK,Garvin,40049,1.475842617711779
OK,Grady,40051,2.412806228905222
OK,Grant,40053,2.0155043584223704
OK,Greer,40055,6.845645023001616
OK,Harmon,40057,19.09285308374936
OK,Harper,40059,100.0
OK,Haskell,40061,0.7171182332925782
OK,Hughes,40063,1.9108684681117687
OK,Jackson,40065,11.783980911381132
OK,Jefferson,40067,1.8605665107007163
OK,Johnston,40069,1.0278102292298856
OK,Kay,40071,2.1312956215151866
OK,Kingfisher,40073,2.38307761747079
OK,Kiowa,40075,3.4937388628507633
OK,Latimer,40077,0.497045846700992
OK,Le Flore,40079,0.3668742030070778
OK,Lincoln,40081,1.1817263367971662
OK,Logan,40083,1.8842364639108815
OK,Love,40085,2.0182128572294578
OK,McClain,40087,1.9507069019973085
OK,McCurtain,40089,0.348593536579535
OK,McIntosh,40091,2.1099022595894614
OK,Major,40093,5.39091046393813
OK,Marshall,40095,2.2325504764877846
OK,Mayes,40097,0.702876760602185
OK,Murray,40099,1.5096009220464075
OK,Muskogee,40101,1.417798791178165
OK,Noble,40103,1.3275796684591852
OK,Nowata,40105,0.6321535548818856
OK,Okfuskee,40107,1.7612182696174172
OK,Oklahoma,40109,2.221892913356155
OK,Okmulgee,40111,0.9518799990060044
OK,Osage,40113,0.7650727291466048
OK,Ottawa,40115,0.5221773298155118
OK,Pawnee,40117,1.3648679563060813
OK,Payne,40119,2.239305532897947
OK,Pittsburg,40121,1.3549146032320671
OK,Pontotoc,40123,0.943250695394703
OK,Pottawatomie,40125,2.0579161079911272
OK,Pushmataha,40127,0.3412824117311594
OK,Roger Mills,40129,11.970878506193635
OK,Rogers,40131,0.8335521248911999
OK,Seminole,40133,2.5912705230693023
OK,Sequoyah,40135,0.402788481643358
OK,Stephens,40137,1.8531572242248704
OK,Texas,40139,100.0
OK,Tillman,40141,2.990142451219831
OK,Tulsa,40143,0.7845440100300549
OK,Wagoner,40145,0.8714298831105239
OK,Washington,40147,0.6448054476693174
OK,Washita,40149,3.569058442370064
OK,Woods,40151,7.309064069858909
OK,Woodward,40153,27.259688410257105
OR,Baker,41001,1.6195398878996703
OR,Benton,41003,0.1566455077430006
OR,Clackamas,41005,0.1212716668789769
OR,Clatsop,41007,0.1014997700349167
OR,Columbia,41009,0.1506455313008242
OR,Coos,41011,0.1303768542335045
OR,Crook,41013,2.035395562884009
OR,Curry,41015,0.1
OR,Deschutes,41017,0.6079578942877621
OR,Douglas,41019,0.2105478599157855
OR,Gilliam,41021,1.3490078015788638
OR,Grant,41023,1.0731995463021806
OR,Harney,41025,1.29661186314599
OR,Hood River,41027,0.1583889757591539
OR,Jackson,41029,0.3547238621842566
OR,Jefferson,41031,0.630872684900423
OR,Josephine,41033,0.2061972569733492
OR,Klamath,41035,1.205452288877804
OR,Lake,41037,1.1221515772258095
OR,Lane,41039,0.1459647327800195
OR,Lincoln,41041,0.1
OR,Linn,41043,0.1142907258592388
OR,Malheur,41045,5.081843803230484
OR,Marion,41047,0.1264201441958431
OR,Morrow,41049,1.2962180669741052
OR,Multnomah,41051,0.1347978555320778
OR,Polk,41053,0.1359502337744545
OR,Sherman,41055,0.5344960760015603
OR,Tillamook,41057,0.1
OR,Umatilla,41059,1.0823046281552204
OR,Union,41061,0.6096850244795109
OR,Wallowa,41063,0.5361935986833659
OR,Wasco,41065,0.3559600913150531
OR,Washington,41067,0.2083990124830403
OR,Wheeler,41069,1.416526206816146
OR,Yamhill,41071,0.1385051876825701
PA,Adams,42001,0.3588453476769588
PA,Allegheny,42003,0.3415645642915313
PA,Armstrong,42005,0.2682865964837654
PA,Beaver,42007,0.4125163655241786
PA,Bedford,42009,0.3691196713429011
PA,Berks,42011,0.2783464444164478
PA,Blair,42013,0.3225886033545834
PA,Bradford,42015,0.3205856758488435
PA,Bucks,42017,0.2695963670088179
PA,Butler,42019,0.3172890034331249
PA,Cambria,42021,0.261325508540437
PA,Cameron,42023,0.2673189262412735
PA,Carbon,42025,0.2117289430252097
PA,Centre,42027,0.2877688040792629
PA,Chester,42029,0.2993133899407394
PA,Clarion,42031,0.2442523842534624
PA,Clearfield,42033,0.2636806650500968
PA,Clinton,42035,0.2780146076375963
PA,Columbia,42037,0.2832440704564282
PA,Crawford,42039,0.2397085683441675
PA,Cumberland,42041,0.2871990125873392
PA,Dauphin,42043,0.2955453945976889
PA,Delaware,42045,0.2876242739356229
PA,Elk,42047,0.2479925267557865
PA,Erie,42049,0.242664536296654
PA,Fayette,42051,0.2474242795162297
PA,Forest,42053,0.2387368502070746
PA,Franklin,42055,0.3825686928632703
PA,Fulton,42057,0.3957464325759829
PA,Greene,42059,0.3091932599184309
PA,Huntingdon,42061,0.3382043852579631
PA,Indiana,42063,0.2632639423824414
PA,Jefferson,42065,0.2572510294364453
PA,Juniata,42067,0.3361888463907952
PA,Lackawanna,42069,0.2815131281101804
PA,Lancaster,42071,0.3470895581935823
PA,Lawrence,42073,0.3365853838580154
PA,Lebanon,42075,0.2881348811912776
PA,Lehigh,42077,0.2223400067044557
PA,Luzerne,42079,0.2785727573284001
PA,Lycoming,42081,0.2734734429251456
PA,McKean,42083,0.2453446197451538
PA,Mercer,42085,0.2994676514294797
PA,Mifflin,42087,0.337574772598497
PA,Monroe,42089,0.2290194341242904
PA,Montgomery,42091,0.2904975157330425
PA,Montour,42093,0.2806358244951571
PA,Northampton,42095,0.2368350396513552
PA,Northumberland,42097,0.2858947841809994
PA,Perry,42099,0.3028735273889728
PA,Philadelphia,42101,0.3026280391665461
PA,Pike,42103,0.2464121056497063
PA,Potter,42105,0.2781411935248802
PA,Schuylkill,42107,0.2755200886823
PA,Snyder,42109,0.2960162609986955
PA,Somerset,42111,0.2588939949874744
PA,Sullivan,42113,0.2688045751564485
PA,Susquehanna,42115,0.2932498750413843
PA,Tioga,42117,0.3565636141063416
PA,Union,42119,0.2710077433823007
PA,Venango,42121,0.2351326680646648
PA,Warren,42123,0.238840908913149
PA,Washington,42125,0.3481793164494309
PA,Wayne,42127,0.2594954908252243
PA,Westmoreland,42129,0.2589715267396299
PA,Wyoming,42131,0.311736755040581
PA,York,42133,0.3371658474985333
RI,Kent,44003,0.2264022333230786
RI,Newport,44005,0.2323677266062619
RI,Providence,44007,0.2296814695448053
RI,Washington,44009,0.2223057709393095
SC,Abbeville,45001,0.4350081768259955
SC,Aiken,45003,0.4141679631915361
SC,Allendale,45005,0.4161183453888601
SC,Anderson,45007,0.3702551399475425
SC,Bamberg,45009,0.5313040642237254
SC,Barnwell,45011,0.4323339530744261
SC,Beaufort,45013,0.4515600546816546
SC,Berkeley,45015,0.6229771662097863
SC,Calhoun,45017,0.4918861458534604
SC,Charleston,45019,0.5887213670484346
SC,Cherokee,45021,0.3315776275686831
SC,Chester,45023,0.42688390804656
SC,Chesterfield,45025,0.4629654804909556
SC,Clarendon,45027,0.6207130022322722
SC,Colleton,45029,0.5451120047168165
SC,Darlington,45031,0.4713922360389024
SC,Dillon,45033,0.4778438125255503
SC,Dorchester,45035,0.571284147630926
SC,Edgefield,45037,0.5905408434585491
SC,Fairfield,45039,0.4527911803191982
SC,Florence,45041,0.5038076285882516
SC,Georgetown,45043,0.5111318468781044
SC,Greenville,45045,0.433947414713281
SC,Greenwood,45047,0.5399857167572343
SC,Hampton,45049,0.4729121029486633
SC,Horry,45051,0.4628208087779928
SC,Jasper,45053,0.4711411588862412
SC,Kershaw,45055,0.4842081559725126
SC,Lancaster,45057,0.4571614373405637
SC,Laurens,45059,0.4384005627527871
SC,Lee,45061,0.6018290354924746
SC,Lexington,45063,0.4758930864549577
SC,McCormick,45065,0.532648115503516
SC,Marion,45067,0.4600227592641877
SC,Marlboro,45069,0.4521824167006263
SC,Newberry,45071,0.44118195224226
SC,Oconee,45073,0.2481170133500516
SC,Orangeburg,45075,0.5370116259152361
SC,Pickens,45077,0.3213080410668649
SC,Richland,45079,0.4220203841005664
SC,Saluda,45081,0.4859425936660798
SC,Spartanburg,45083,0.3755794994736819
SC,Sumter,45085,0.5923394987428204
SC,Union,45087,0.4016680035796379
SC,Williamsburg,45089,0.6213936342269923
SC,York,45091,0.4002024281939436
SD,Aurora,46003,6.181475840086888
SD,Beadle,46005,8.951110609782198
SD,Bennett,46007,5.962936111009212
SD,Bon Homme,46009,3.2124565146778115
SD,Brookings,46011,3.113518574457423
SD,Brown,46013,8.338758000653897
SD,Brule,46015,6.440630569797809
SD,Buffalo,46017,100.0
SD,Butte,46019,5.772740459406849
SD,Campbell,46021,5.745136156967632
SD,Charles Mix,46023,100.0
SD,Clark,46025,4.481405097503685
SD,Clay,46027,3.990244478885153
SD,Codington,46029,3.246498747743379
SD,Corson,46031,7.152634582897422
SD,Custer,46033,7.997182228774584
SD,Davison,46035,6.351426969349255
SD,Day,46037,5.4520147339024785
SD,Deuel,46039,2.320268288656308
SD,Dewey,46041,5.760362408419405
SD,Douglas,46043,3.843460640713253
SD,Edmunds,46045,8.882968488689071
SD,Fall River,46047,15.011281679472203
SD,Faulk,46049,9.049992516103696
SD,Grant,46051,2.4974926762144145
SD,Gregory,46053,5.356723720679269
SD,Haakon,46055,6.657487123560903
SD,Hamlin,46057,3.206846278203839
SD,Hand,46059,8.064428916786799
SD,Hanson,46061,6.43447260658859
SD,Harding,46063,8.36696847989665
SD,Hughes,46065,100.0
SD,Hutchinson,46067,5.778289344160795
SD,Hyde,46069,5.99446706679287
SD,Jackson,46071,7.584007408276853
SD,Jerauld,46073,6.003133711388149
SD,Jones,46075,7.1540433933258605
SD,Kingsbury,46077,4.311331107901113
SD,Lake,46079,2.4197725635456155
SD,Lawrence,46081,4.11037041642608
SD,Lincoln,46083,2.202924533601379
SD,Lyman,46085,6.312530383665981
SD,McCook,46087,3.6305434800622343
SD,McPherson,46089,7.075451182668267
SD,Marshall,46091,5.501734454596648
SD,Meade,46093,6.28742272316784
SD,Mellette,46095,6.283270935092508
SD,Miner,46097,4.683212379193857
SD,Minnehaha,46099,2.024556124542647
SD,Moody,46101,1.9867907461185907
SD,Oglala Lakota,46102,10.36880131076253
SD,Pennington,46103,5.313271892360058
SD,Perkins,46105,8.10241320938662
SD,Potter,46107,4.609597888244152
SD,Roberts,46109,2.4215528491303075
SD,Sanborn,46111,7.188850811336977
SD,Spink,46115,9.343800588109003
SD,Stanley,46117,6.119104938202578
SD,Sully,46119,4.500240094450914
SD,Todd,46121,4.632957202729482
SD,Tripp,46123,6.031264407736685
SD,Turner,46125,3.1423292555689706
SD,Union,46127,2.1506540415495636
SD,Walworth,46129,4.958134357942066
SD,Yankton,46135,4.48802766879351
SD,Ziebach,46137,6.617907092358074
TN,Anderson,47001,0.2848643138302967
TN,Bedford,47003,0.2754799277417381
TN,Benton,47005,0.322307401418647
TN,Bledsoe,47007,0.2536542115149563
TN,Blount,47009,0.2546705318245393
TN,Bradley,47011,0.2486825717768621
TN,Campbell,47013,0.2900636434003493
TN,Cannon,47015,0.2744298800328609
TN,Carroll,47017,0.3043706008118733
TN,Carter,47019,0.2703905677016827
TN,Cheatham,47021,0.2997347909218089
TN,Chester,47023,0.2933024017489725
TN,Claiborne,47025,0.3016099039911308
TN,Clay,47027,0.301641702895284
TN,Cocke,47029,0.2670203808154409
TN,Coffee,47031,0.2676668091735733
TN,Crockett,47033,0.3052995556622145
TN,Cumberland,47035,0.2475777726539231
TN,Davidson,47037,0.3042941624764818
TN,Decatur,47039,0.2971084099862419
TN,DeKalb,47041,0.2781832281497705
TN,Dickson,47043,0.2910461410495767
TN,Dyer,47045,0.3161184012978025
TN,Fayette,47047,0.3040429107287039
TN,Fentress,47049,0.2576360504681481
TN,Franklin,47051,0.2608092661791714
TN,Gibson,47053,0.3018379467978828
TN,Giles,47055,0.2632809314220038
TN,Grainger,47057,0.352052298696633
TN,Greene,47059,0.3040393701387509
TN,Grundy,47061,0.2583369807145955
TN,Hamblen,47063,0.3283033737988405
TN,Hamilton,47065,0.284473914361766
TN,Hancock,47067,0.3306152678789593
TN,Hardeman,47069,0.2864750693147569
TN,Hardin,47071,0.300730299642519
TN,Hawkins,47073,0.3579115697444707
TN,Haywood,47075,0.2927981876081624
TN,Henderson,47077,0.3013141442438387
TN,Henry,47079,0.3157059161602878
TN,Hickman,47081,0.2809930054982152
TN,Houston,47083,0.3016140262941879
TN,Humphreys,47085,0.3035965672882875
TN,Jackson,47087,0.2984896331127208
TN,Jefferson,47089,0.2963785411139522
TN,Johnson,47091,0.2855261706672383
TN,Knox,47093,0.2842413686352582
TN,Lake,47095,0.337980766816806
TN,Lauderdale,47097,0.3194631653087589
TN,Lawrence,47099,0.2642963829113585
TN,Lewis,47101,0.2696129953789131
TN,Lincoln,47103,0.25978073001918
TN,Loudon,47105,0.2557527754807284
TN,McMinn,47107,0.2394608386394005
TN,McNairy,47109,0.28180297808753
TN,Macon,47111,0.3026752754969679
TN,Madison,47113,0.3007374716424688
TN,Marion,47115,0.2533039487806612
TN,Marshall,47117,0.2688575582595297
TN,Maury,47119,0.2797778303444062
TN,Meigs,47121,0.2586277536741836
TN,Monroe,47123,0.2557992405157864
TN,Montgomery,47125,0.2871372306133679
TN,Moore,47127,0.26412175072446
TN,Morgan,47129,0.2371661618751871
TN,Obion,47131,0.30901467169079
TN,Overton,47133,0.2813956177974285
TN,Perry,47135,0.2770002270983351
TN,Pickett,47137,0.2658570651800319
TN,Polk,47139,0.2240845684262023
TN,Putnam,47141,0.2805469697241679
TN,Rhea,47143,0.269481970362518
TN,Roane,47145,0.2537876374768299
TN,Robertson,47147,0.3076576832323851
TN,Rutherford,47149,0.2780832341157873
TN,Scott,47151,0.2526948237917163
TN,Sequatchie,47153,0.2492057296181618
TN,Sevier,47155,0.2628990658947592
TN,Shelby,47157,0.3139900531234998
TN,Smith,47159,0.2935218909269841
TN,Stewart,47161,0.2961303008963405
TN,Sullivan,47163,0.3578475480159228
TN,Sumner,47165,0.3042828691452139
TN,Tipton,47167,0.3069858521700558
TN,Trousdale,47169,0.2937446494279418
TN,Unicoi,47171,0.2999414395049475
TN,Union,47173,0.3211998680041482
TN,Van Buren,47175,0.2760938944507679
TN,Warren,47177,0.2608724799090706
TN,Washington,47179,0.2976870925087284
TN,Wayne,47181,0.2753941060722894
TN,Weakley,47183,0.2999320128726051
TN,White,47185,0.2770332226280529
TN,Williamson,47187,0.3028078976311641
TN,Wilson,47189,0.2892228809729051
TX,Anderson,48001,0.8388707853557693
TX,Andrews,48003,100.0
TX,Angelina,48005,0.6464257020057672
TX,Aransas,48007,0.9763046804139508
TX,Archer,48009,6.068167985389201
TX,Armstrong,48011,32.94828588890856
TX,Atascosa,48013,11.030394706989457
TX,Austin,48015,0.8333437635985096
TX,Bailey,48017,100.0
TX,Bandera,48019,2.2414335194531216
TX,Bastrop,48021,3.997879662503239
TX,Baylor,48023,7.973040145741737
TX,Bee,48025,3.097371256970139
TX,Bell,48027,2.6166335182882627
TX,Bexar,48029,3.0501469620073616
TX,Blanco,48031,1.603890138122582
TX,Borden,48033,63.42920745251931
TX,Bosque,48035,3.325456583826121
TX,Bowie,48037,0.7810523386682046
TX,Brazoria,48039,0.337683480551208
TX,Brazos,48041,1.8050199520833188
TX,Brewster,48043,100.0
TX,Briscoe,48045,67.9970836256219
TX,Brooks,48047,5.01626946761189
TX,Brown,48049,8.586562817390204
TX,Burleson,48051,2.120180032853605
TX,Burnet,48053,2.009765756469214
TX,Caldwell,48055,0.9819561610979304
TX,Calhoun,48057,0.6540269879336155
TX,Callahan,48059,6.4964167173659995
TX,Cameron,48061,42.805414326347254
TX,Camp,48063,0.7389678591361553
TX,Carson,48065,100.0
TX,Cass,48067,0.536140597581748
TX,Castro,48069,100.0
TX,Chambers,48071,0.3373859063640473
TX,Cherokee,48073,0.6896683955186866
TX,Childress,48075,14.616304091598318
TX,Clay,48077,4.680412785889401
TX,Cochran,48079,100.0
TX,Coke,48081,83.33412200089667
TX,Coleman,48083,11.228391304578064
TX,Collin,48085,0.8924882818687339
TX,Collingsworth,48087,12.32876444172252
TX,Colorado,48089,1.3411165405065075
TX,Comal,48091,1.1428616730660142
TX,Comanche,48093,3.957504531721321
TX,Concho,48095,33.75083073878315
TX,Cooke,48097,1.3388890272369858
TX,Coryell,48099,2.782691723550695
TX,Cottle,48101,12.1713131268539
TX,Crane,48103,100.0
TX,Crockett,48105,26.858548873712387
TX,Crosby,48107,100.0
TX,Culberson,48109,100.0
TX,Dallam,48111,100.0
TX,Dallas,48113,1.24322617809072
TX,Dawson,48115,100.0
TX,Deaf Smith,48117,100.0
TX,Delta,48119,0.5778271856959039
TX,Denton,48121,1.248779349242026
TX,DeWitt,48123,1.3279227274866432
TX,Dickens,48125,25.391988314447044
TX,Dimmit,48127,13.928364207721598
TX,Donley,48129,26.019119758738476
TX,Duval,48131,7.562233487434285
TX,Eastland,48133,4.030840081373379
TX,Ector,48135,100.0
TX,Edwards,48137,5.138508816690534
TX,Ellis,48139,0.9237996887999383
TX,El Paso,48141,100.0
TX,Erath,48143,2.7014948969027364
TX,Falls,48145,2.951702694188846
TX,Fannin,48147,1.0830041444367042
TX,Fayette,48149,2.204087592435535
TX,Fisher,48151,12.758233380468369
TX,Floyd,48153,100.0
TX,Foard,48155,6.979407205830408
TX,Fort Bend,48157,0.5445207295923429
TX,Franklin,48159,0.6163822297119579
TX,Freestone,48161,0.9912107091814508
TX,Frio,48163,39.1894828773311
TX,Gaines,48165,100.0
TX,Galveston,48167,0.3429887229146747
TX,Garza,48169,26.613002231918188
TX,Gillespie,48171,2.47187378543229
TX,Glasscock,48173,100.0
TX,Goliad,48175,2.275871073386224
TX,Gonzales,48177,0.973720106579844
TX,Gray,48179,100.0
TX,Grayson,48181,1.5059314246971407
TX,Gregg,48183,0.6742597193616751
TX,Grimes,48185,1.050618684876395
TX,Guadalupe,48187,1.096687326344737
TX,Hale,48189,100.0
TX,Hall,48191,36.26687620263211
TX,Hamilton,48193,2.499019345962306
TX,Hansford,48195,100.0
TX,Hardeman,48197,7.95426300881815
TX,Hardin,48199,0.4060580575576469
TX,Harris,48201,0.3633167387227838
TX,Harrison,48203,0.603494446247204
TX,Hartley,48205,100.0
TX,Haskell,48207,100.0
TX,Hays,48209,1.0389890693811874
TX,Hemphill,48211,21.332599817000077
TX,Henderson,48213,0.8183182021767852
TX,Hidalgo,48215,100.0
TX,Hill,48217,1.58419539111133
TX,Hockley,48219,100.0
TX,Hood,48221,7.214856108205408
TX,Hopkins,48223,0.594366929512873
TX,Houston,48225,0.8312907116826526
TX,Howard,48227,100.0
TX,Hudspeth,48229,100.0
TX,Hunt,48231,0.7452732072444529
TX,Hutchinson,48233,100.0
TX,Irion,48235,34.93920786045589
TX,Jack,48237,3.698429633132206
TX,Jackson,48239,0.6666865990335485
TX,Jasper,48241,1.0200577970938445
TX,Jeff Davis,48243,100.0
TX,Jefferson,48245,0.3679829566889117
TX,Jim Hogg,48247,5.465974413279139
TX,Jim Wells,48249,7.375992710746344
TX,Johnson,48251,1.7005292751623278
TX,Jones,48253,10.8837037516745
TX,Karnes,48255,2.1933290763903432
TX,Kaufman,48257,0.880351179077709
TX,Kendall,48259,1.390969879072686
TX,Kenedy,48261,4.7532678181756305
TX,Kent,48263,20.629803970427837
TX,Kerr,48265,1.6020100483208397
TX,Kimble,48267,4.998088009982398
TX,King,48269,9.824262884327062
TX,Kinney,48271,10.188046483200312
TX,Kleberg,48273,5.005964974805398
TX,Knox,48275,17.2423538053708
TX,Lamar,48277,0.8715956972066273
TX,Lamb,48279,100.0
TX,Lampasas,48281,2.3428969182066295
TX,La Salle,48283,13.673188455052056
TX,Lavaca,48285,0.8605384924641725
TX,Lee,48287,1.9309840240227685
TX,Leon,48289,0.9608575812804035
TX,Liberty,48291,0.4015774942661121
TX,Limestone,48293,1.2755790180734996
TX,Lipscomb,48295,100.0
TX,Live Oak,48297,12.390593012903798
TX,Llano,48299,28.71531916717579
TX,Loving,48301,100.0
TX,Lubbock,48303,100.0
TX,Lynn,48305,100.0
TX,McCulloch,48307,20.457625117794557
TX,McLennan,48309,2.8151477488570604
TX,McMullen,48311,10.986249070495326
TX,Madison,48313,0.929117531524962
TX,Marion,48315,0.5820478425991822
TX,Martin,48317,100.0
TX,Mason,48319,5.898840983784245
TX,Matagorda,48321,0.6524840270190928
TX,Maverick,48323,20.45347981052231
TX,Medina,48325,4.106967257364641
TX,Menard,48327,10.12569179647342
TX,Midland,48329,100.0
TX,Milam,48331,2.2707884058707455
TX,Mills,48333,4.21121650665767
TX,Mitchell,48335,100.0
TX,Montague,48337,1.672975559229518
TX,Montgomery,48339,0.7261665848478943
TX,Moore,48341,100.0
TX,Morris,48343,0.667706398537877
TX,Motley,48345,36.92002300831131
TX,Nacogdoches,48347,0.6044939778036585
TX,Navarro,48349,0.9344653813044256
TX,Newton,48351,1.4587546346603382
TX,Nolan,48353,31.927471131025893
TX,Nueces,48355,2.8746022247145637
TX,Ochiltree,48357,100.0
TX,Oldham,48359,100.0
TX,Orange,48361,0.4916894915730145
TX,Palo Pinto,48363,12.470159752821028
TX,Panola,48365,0.6734866793721048
TX,Parker,48367,2.9972188490251095
TX,Parmer,48369,100.0
TX,Pecos,48371,100.0
TX,Polk,48373,0.7967843637904634
TX,Potter,48375,100.0
TX,Presidio,48377,100.0
TX,Rains,48379,0.8003133407658306
TX,Randall,48381,100.0
TX,Reagan,48383,100.0
TX,Real,48385,3.1268750522092312
TX,Red River,48387,0.7958131930310235
TX,Reeves,48389,100.0
TX,Refugio,48391,1.4490847834605505
TX,Roberts,48393,88.03659629415338
TX,Robertson,48395,2.1681166745700255
TX,Rockwall,48397,0.8819911402988775
TX,Runnels,48399,9.097310742792438
TX,Rusk,48401,0.6639085562718274
TX,Sabine,48403,0.6008452982478878
TX,San Augustine,48405,0.5800772716727192
TX,San Jacinto,48407,0.6977380819778561
TX,San Patricio,48409,3.356696495459952
TX,San Saba,48411,7.063937758871011
TX,Schleicher,48413,12.688483670797847
TX,Scurry,48415,27.782028663600343
TX,Shackelford,48417,9.0284345431189
TX,Shelby,48419,0.6136527825806779
TX,Sherman,48421,100.0
TX,Smith,48423,0.7044944880146359
TX,Somervell,48425,5.607495258766127
TX,Starr,48427,100.0
TX,Stephens,48429,8.472720966793585
TX,Sterling,48431,100.0
TX,Stonewall,48433,16.701951952565686
TX,Sutton,48435,8.148354187653922
TX,Swisher,48437,100.0
TX,Tarrant,48439,1.91221350922787
TX,Taylor,48441,11.3627607145507
TX,Terrell,48443,41.8482650948862
TX,Terry,48445,100.0
TX,Throckmorton,48447,12.8870910476525
TX,Titus,48449,0.6581403540679306
TX,Tom Green,48451,100.0
TX,Travis,48453,3.0939000847908895
TX,Trinity,48455,0.7690867130583477
TX,Tyler,48457,0.500587774955363
TX,Upshur,48459,0.6574397696015947
TX,Upton,48461,100.0
TX,Uvalde,48463,4.525042032975772
TX,Val Verde,48465,100.0
TX,Van Zandt,48467,0.82726652866759
TX,Victoria,48469,1.0993478839001771
TX,Walker,48471,0.7926243410382999
TX,Waller,48473,0.7370670926545436
TX,Ward,48475,100.0
TX,Washington,48477,1.5929780213321454
TX,Webb,48479,10.379528386270469
TX,Wharton,48481,1.050466302531001
TX,Wheeler,48483,17.494006271669626
TX,Wichita,48485,6.7941731723848475
TX,Wilbarger,48487,8.077036894410313
TX,Willacy,48489,6.291547137807691
TX,Williamson,48491,1.5488683710071451
TX,Wilson,48493,2.109701415965531
TX,Winkler,48495,100.0
TX,Wise,48497,2.309997620926473
TX,Wood,48499,0.7134860262325615
TX,Yoakum,48501,100.0
TX,Young,48503,8.958303725879981
TX,Zapata,48505,6.350431257176991
TX,Zavala,48507,9.530793150178107
UT,Beaver,49001,2.173209981973922
UT,Box Elder,49003,3.2400087576506453
UT,Cache,49005,0.9068305725363156
UT,Carbon,49007,3.728335739249584
UT,Daggett,49009,26.688287988046923
UT,Davis,49011,3.3072528642804415
UT,Duchesne,49013,2.2145927117913597
UT,Emery,49015,4.754456252684986
UT,Garfield,49017,5.952097653379438
UT,Grand,49019,2.870799773953886
UT,Iron,49021,1.4886872792951302
UT,Juab,49023,3.376560907760405
UT,Kane,49025,5.170412966769323
UT,Millard,49027,2.909654447326291
UT,Morgan,49029,1.2542697885133804
UT,Piute,49031,8.154699558595937
UT,Rich,49033,7.040308311719832
UT,Salt Lake,49035,1.9990390890075809
UT,San Juan,49037,4.1750700597370365
UT,Sanpete,49039,6.770977889518181
UT,Sevier,49041,5.828356920947936
UT,Summit,49043,1.5828636191850132
UT,Tooele,49045,3.720407882291683
UT,Uintah,49047,3.3289692710252132
UT,Utah,49049,2.9061533594926727
UT,Wasatch,49051,2.431628467526356
UT,Washington,49053,3.729949371611421
UT,Wayne,49055,6.530873025219029
UT,Weber,49057,2.0608778871966074
VT,Addison,50001,0.2338839258233419
VT,Bennington,50003,0.2184538695094659
VT,Caledonia,50005,0.2435409629184514
VT,Essex,50009,0.2262403024221632
VT,Orange,50017,0.2462688599251675
VT,Orleans,50019,0.2354299408533588
VT,Rutland,50021,0.2250519861304086
VT,Washington,50023,0.2352670178435463
VT,Windham,50025,0.2057533556397777
VT,Windsor,50027,0.2242604691773347
VA,Accomack,51001,0.455727708312474
VA,Albemarle,51003,0.3972168147803095
VA,Alleghany,51005,0.3814973230210413
VA,Amelia,51007,0.4873192586380616
VA,Amherst,51009,0.3796803477229533
VA,Appomattox,51011,0.4383160333915575
VA,Augusta,51015,0.4303949149432836
VA,Bath,51017,0.3825910189492643
VA,Bedford,51019,0.4531164661782964
VA,Bland,51021,0.3682325234517711
VA,Botetourt,51023,0.3858700000283152
VA,Brunswick,51025,0.4965727541544555
VA,Buchanan,51027,0.3903572211529884
VA,Buckingham,51029,0.3963586932402352
VA,Campbell,51031,0.4655926682416927
VA,Caroline,51033,0.4838706682488927
VA,Carroll,51035,0.3261811629013887
VA,Charles City,51036,0.4168772855459028
VA,Charlotte,51037,0.4756766290750288
VA,Chesterfield,51041,0.4856387145593328
VA,Clarke,51043,0.462149357599973
VA,Craig,51045,0.3767285131805332
VA,Culpeper,51047,0.4118713408807776
VA,Cumberland,51049,0.4529714914430107
VA,Dickenson,51051,0.3898818718635256
VA,Dinwiddie,51053,0.4805360585131716
VA,Essex,51057,0.424181798699033
VA,Fairfax,51059,0.4113120389253203
VA,Fauquier,51061,0.4014130861508183
VA,Floyd,51063,0.3301225946980861
VA,Fluvanna,51065,0.4058746340355392
VA,Franklin,51067,0.4610124284484426
VA,Frederick,51069,0.436904723561375
VA,Giles,51071,0.3724535906229281
VA,Gloucester,51073,0.4184739637832327
VA,Goochland,51075,0.4406701332885346
VA,Grayson,51077,0.3216088675118393
VA,Greene,51079,0.4078067308639185
VA,Greensville,51081,0.4907471682291535
VA,Halifax,51083,0.5250158096566208
VA,Hanover,51085,0.5004743331676067
VA,Henrico,51087,0.4232361084912356
VA,Henry,51089,0.440260158954377
VA,Highland,51091,0.397321507488265
VA,Isle of Wight,51093,0.4250885182592605
VA,James City,51095,0.4275328994042401
VA,King and Queen,51097,0.4705337715099155
VA,King George,51099,0.4307528335604136
VA,King William,51101,0.5186236233331938
VA,Lancaster,51103,0.4230634616326067
VA,Lee,51105,0.2980520075418349
VA,Loudoun,51107,0.4067201501468901
VA,Louisa,51109,0.523449889540328
VA,Lunenburg,51111,0.492526385755782
VA,Madison,51113,0.4110834132249295
VA,Mathews,51115,0.395065098196147
VA,Mecklenburg,51117,0.5338773861238264
VA,Middlesex,51119,0.40884452770195
VA,Montgomery,51121,0.3824753058242255
VA,Nelson,51125,0.3788197056309755
VA,New Kent,51127,0.4632452238916973
VA,Northumberland,51133,0.4142505295305719
VA,Nottoway,51135,0.4837386190728832
VA,Orange,51137,0.4556279295017731
VA,Page,51139,0.4477093799136206
VA,Patrick,51141,0.4270452749194924
VA,Pittsylvania,51143,0.4872069764738034
VA,Powhatan,51145,0.4525342004845329
VA,Prince Edward,51147,0.4871900439759365
VA,Prince George,51149,0.4266494112825926
VA,Prince William,51153,0.4226705144699856
VA,Pulaski,51155,0.3272845865010042
VA,Rappahannock,51157,0.4109271241812955
VA,Richmond,51159,0.4264567597084039
VA,Roanoke,51161,0.4614198439605144
VA,Rockbridge,51163,0.3904371691961621
VA,Rockingham,51165,0.475568982417652
VA,Russell,51167,0.3424885493138667
VA,Scott,51169,0.3420101764287163
VA,Shenandoah,51171,0.5324563112250544
VA,Smyth,51173,0.3373346659566169
VA,Southampton,51175,0.4764292602955579
VA,Spotsylvania,51177,0.4865381240388338
VA,Stafford,51179,0.4353122262142754
VA,Surry,51181,0.4220791093152744
VA,Sussex,51183,0.4783913226893567
VA,Tazewell,51185,0.3530252796134384
VA,Warren,51187,0.4623781252253784
VA,Washington,51191,0.3431512320822436
VA,Westmoreland,51193,0.4328272799970453
VA,Wise,51195,0.3321664925908628
VA,Wythe,51197,0.3181299057380421
VA,York,51199,0.4642906517157178
VA,Alexandria City,51510,0.4166172355516904
VA,Chesapeake City,51550,0.4757441366181259
VA,Danville City,51590,0.5060531840852502
VA,Franklin City,51620,0.4350504252498305
VA,Hampton City,51650,0.448514177321042
VA,Harrisonburg City,51660,0.4613609974449785
VA,Lynchburg City,51680,0.3829420602713315
VA,Newport News City,51700,0.4328986276696218
VA,Portsmouth City,51740,0.4729670450011843
VA,Richmond City,51760,0.4926745138105847
VA,Roanoke City,51770,0.4767469143740903
VA,Suffolk City,51800,0.4681311543138073
VA,Virginia Beach City,51810,0.4832285310297594
WA,Adams,53001,5.684076085772471
WA,Asotin,53003,0.915097041596344
WA,Benton,53005,0.9615105725191392
WA,Chelan,53007,0.2257246351879482
WA,Clallam,53009,0.1
WA,Clark,53011,0.1
WA,Columbia,53013,1.0268755694581246
WA,Cowlitz,53015,0.1138769806211849
WA,Douglas,53017,0.3004414520360633
WA,Ferry,53019,0.294969356700136
WA,Franklin,53021,8.141184956819265
WA,Garfield,53023,1.0101130561099072
WA,Grant,53025,2.9419285945232856
WA,Grays Harbor,53027,0.1
WA,Island,53029,0.3836217683198086
WA,Jefferson,53031,0.1
WA,King,53033,0.1
WA,Kitsap,53035,0.1892790190531149
WA,Kittitas,53037,0.3602861891198412
WA,Klickitat,53039,0.3392573330494186
WA,Lewis,53041,0.1173771315444595
WA,Lincoln,53043,1.34506783819945
WA,Mason,53045,0.1
WA,Okanogan,53047,0.5480921544895495
WA,Pacific,53049,0.1
WA,Pend Oreille,53051,0.371929684899953
WA,Pierce,53053,0.1456217747337683
WA,Skagit,53057,0.1
WA,Skamania,53059,0.1
WA,Snohomish,53061,0.1
WA,Spokane,53063,0.8779123314850169
WA,Stevens,53065,0.5097500139196145
WA,Thurston,53067,0.1694122520602203
WA,Wahkiakum,53069,0.1213739727275871
WA,Walla Walla,53071,1.1328563258404512
WA,Whatcom,53073,0.1
WA,Whitman,53075,1.3457986655242946
WA,Yakima,53077,0.5141194239947775
WV,Barbour,54001,0.2295563846875969
WV,Berkeley,54003,0.4188941546597586
WV,Boone,54005,0.336140053460064
WV,Braxton,54007,0.2705894963287154
WV,Brooke,54009,0.381009280808838
WV,Cabell,54011,0.3572963839014589
WV,Calhoun,54013,0.3095067663402654
WV,Clay,54015,0.2349602047836005
WV,Doddridge,54017,0.3209073418094164
WV,Fayette,54019,0.2770471235277059
WV,Gilmer,54021,0.3095570372712026
WV,Grant,54023,0.3781660775522725
WV,Greenbrier,54025,0.2667587210118663
WV,Hampshire,54027,0.4617948147387445
WV,Hancock,54029,0.3984526663171731
WV,Hardy,54031,0.470867796027215
WV,Harrison,54033,0.2903389890897648
WV,Jackson,54035,0.3826691632129637
WV,Jefferson,54037,0.4479459525344944
WV,Kanawha,54039,0.28936314848787
WV,Lewis,54041,0.2953366818882794
WV,Lincoln,54043,0.3363801358159621
WV,Logan,54045,0.334578118374889
WV,McDowell,54047,0.3858578252201241
WV,Marion,54049,0.2727259715216787
WV,Marshall,54051,0.3848319477356696
WV,Mason,54053,0.3685658157956633
WV,Mercer,54055,0.372375934141917
WV,Mineral,54057,0.3064583713600865
WV,Mingo,54059,0.3725880427069626
WV,Monongalia,54061,0.2683535909533644
WV,Monroe,54063,0.3536204863116767
WV,Morgan,54065,0.4358916769177641
WV,Nicholas,54067,0.2077751534623621
WV,Ohio,54069,0.3746198767293397
WV,Pendleton,54071,0.4602181311664398
WV,Pleasants,54073,0.3457737124752554
WV,Pocahontas,54075,0.2807308744664392
WV,Preston,54077,0.198749156157754
WV,Putnam,54079,0.3381736622887112
WV,Raleigh,54081,0.3299058939682077
WV,Randolph,54083,0.2055934928785313
WV,Ritchie,54085,0.3096539772644612
WV,Roane,54087,0.2936804342886165
WV,Summers,54089,0.3399242226237036
WV,Taylor,54091,0.2376091631387914
WV,Tucker,54093,0.1849908748463245
WV,Tyler,54095,0.3228653622144771
WV,Upshur,54097,0.2371959826867827
WV,Wayne,54099,0.3557387473844434
WV,Webster,54101,0.225604944474509
WV,Wetzel,54103,0.3363256060299505
WV,Wirt,54105,0.3107413143421371
WV,Wood,54107,0.3477986330361606
WV,Wyoming,54109,0.3331418889415449
WI,Adams,55001,0.5847816531635351
WI,Ashland,55003,0.4687212690092452
WI,Barron,55005,0.5612654452082109
WI,Bayfield,55007,0.4652560275045205
WI,Brown,55009,0.7254808260775645
WI,Buffalo,55011,0.6803526474763887
WI,Burnett,55013,0.5811454709791757
WI,Calumet,55015,0.678067099525497
WI,Chippewa,55017,0.5584126108082323
WI,Clark,55019,0.5263917697953447
WI,Columbia,55021,0.5590540456157576
WI,Crawford,55023,0.5898448956643505
WI,Dane,55025,0.575309348385122
WI,Dodge,55027,0.5710890227026744
WI,Door,55029,0.7288496422161568
WI,Douglas,55031,0.4994973801481558
WI,Dunn,55033,0.5626008316037777
WI,Eau Claire,55035,0.5399251038076307
WI,Florence,55037,0.5862106909885361
WI,Fond du Lac,55039,0.5921411965812203
WI,Forest,55041,0.5996235807003103
WI,Grant,55043,0.609546680181799
WI,Green,55045,0.5510271476457737
WI,Green Lake,55047,0.5098215335654372
WI,Iowa,55049,0.558845819570669
WI,Iron,55051,0.4815329114453749
WI,Jackson,55053,0.5400438906891553
WI,Jefferson,55055,0.5770104231380179
WI,Juneau,55057,0.5669371910552418
WI,Kenosha,55059,0.4701227952972359
WI,Kewaunee,55061,0.7267794983989545
WI,La Crosse,55063,0.5682096088461427
WI,Lafayette,55065,0.563701800016281
WI,Langlade,55067,0.5646377856577487
WI,Lincoln,55069,0.5482787297083414
WI,Manitowoc,55071,0.7279972238461009
WI,Marathon,55073,0.5578105415870074
WI,Marinette,55075,0.5940438189130361
WI,Marquette,55077,0.5088213528480552
WI,Menominee,55078,0.568806266564486
WI,Milwaukee,55079,0.5667411307898691
WI,Monroe,55081,0.5621433217157011
WI,Oconto,55083,0.6384056408007125
WI,Oneida,55085,0.511544981535791
WI,Outagamie,55087,0.6080300170929558
WI,Ozaukee,55089,0.6233673944622861
WI,Pepin,55091,0.6173011396034651
WI,Pierce,55093,0.7145499906914071
WI,Polk,55095,0.6596718465024004
WI,Portage,55097,0.5760496547236804
WI,Price,55099,0.5086790313703058
WI,Racine,55101,0.5325417936102232
WI,Richland,55103,0.5657585171182461
WI,Rock,55105,0.5640812824566805
WI,Rusk,55107,0.5151969551688116
WI,St. Croix,55109,0.651536749600077
WI,Sauk,55111,0.5889993097460241
WI,Sawyer,55113,0.5002496855743448
WI,Shawano,55115,0.58687520353549
WI,Sheboygan,55117,0.6832650352131173
WI,Taylor,55119,0.5333670447018232
WI,Trempealeau,55121,0.5674514831656079
WI,Vernon,55123,0.6134486989403234
WI,Vilas,55125,0.5096986356699982
WI,Walworth,55127,0.5399688482734897
WI,Washburn,55129,0.5151241962681485
WI,Washington,55131,0.5864749048201977
WI,Waukesha,55133,0.5507064102010747
WI,Waupaca,55135,0.5658745411053052
WI,Waushara,55137,0.5655926185696867
WI,Winnebago,55139,0.5543137806786481
WI,Wood,55141,0.5704891155939097
WY,Albany,56001,7.855603779544999
WY,Big Horn,56003,1.8623377370993504
WY,Campbell,56005,19.386669713918693
WY,Carbon,56007,2.3513431640988833
WY,Converse,56009,9.158325620317918
WY,Crook,56011,7.435541114127827
WY,Fremont,56013,1.725606458168241
WY,Goshen,56015,100.0
WY,Hot Springs,56017,3.7052601362299
WY,Johnson,56019,4.153364324583279
WY,Laramie,56021,100.0
WY,Lincoln,56023,0.9539876654996108
WY,Natrona,56025,4.230191666947286
WY,Niobrara,56027,29.18980687992645
WY,Park,56029,0.6900662561550636
WY,Platte,56031,100.0
WY,Sheridan,56033,2.961753668191892
WY,Sublette,56035,1.082021478924064
WY,Sweetwater,56037,3.6765380637262672
WY,Teton,56039,0.3602026433302472
WY,Uinta,56041,4.3425008218650865
WY,Washakie,56043,4.532160113466931
WY,Weston,56045,22.66057330065611
